Date,Tot_Crime_Count,Victim_Female,Victim_Male,Victim_Age,Victim_Race
2002-07-27,1,0,1,21.0,2
2008-08-12,1,1,0,29.0,6
2012-02-11,1,1,0,28.0,6
2013-05-22,2,1,1,43.5,2
2013-06-14,1,1,0,37.0,6
2013-08-03,1,0,1,27.0,3
2013-08-05,1,0,1,66.0,2
2013-08-20,1,0,1,35.0,1
2013-10-01,1,0,1,54.0,3
2013-12-04,1,1,0,27.0,6
2013-12-08,1,0,1,73.0,6
2014-01-08,1,0,1,38.0,3
2014-01-12,1,0,1,33.0,6
2014-01-23,1,0,1,30.0,2
2014-02-09,1,0,1,32.0,6
2014-02-25,1,0,1,21.0,3
2014-03-08,1,0,1,24.0,6
2014-03-10,1,1,0,29.0,2
2014-03-12,2,0,2,33.5,2
2014-03-13,1,0,1,34.0,3
2014-03-16,1,0,1,32.0,6
2014-03-22,1,1,0,4.0,3
2014-03-23,1,1,0,26.0,6
2014-04-15,3,2,1,20.67,3
2014-04-17,3,2,1,38.0,6
2014-04-21,1,0,1,59.0,2
2014-04-27,1,0,1,16.0,3
2014-05-01,1,0,1,47.0,2
2014-05-02,1,0,1,23.0,2
2014-05-07,1,0,1,57.0,2
2014-05-12,1,1,0,13.0,2
2014-05-13,2,1,1,37.5,1
2014-05-16,1,1,0,67.0,6
2014-05-17,3,1,2,27.33,3
2014-05-18,1,1,0,22.0,3
2014-05-19,1,1,0,26.0,2
2014-05-20,1,1,0,54.0,6
2014-05-22,2,1,1,17.0,6
2014-05-26,3,0,3,30.67,2
2014-05-28,2,1,1,41.5,6
2014-05-30,3,1,2,36.67,3
2014-05-31,4,2,2,34.75,2
2014-06-01,157,68,89,38.11,2
2014-06-02,138,70,68,40.72,2
2014-06-03,162,68,94,38.62,2
2014-06-04,162,84,78,40.03,6
2014-06-05,145,79,66,41.6,3
2014-06-06,151,82,69,40.5,2
2014-06-07,151,67,84,41.21,2
2014-06-08,149,67,82,40.04,6
2014-06-09,169,80,89,40.45,2
2014-06-10,118,56,62,40.35,3
2014-06-11,137,60,77,41.14,2
2014-06-12,139,62,77,39.77,2
2014-06-13,161,86,75,39.42,2
2014-06-14,173,94,79,41.65,2
2014-06-15,123,63,60,37.83,2
2014-06-16,164,85,79,40.68,2
2014-06-17,185,83,102,39.23,2
2014-06-18,167,69,98,40.28,2
2014-06-19,174,82,92,41.61,6
2014-06-20,169,88,81,41.76,3
2014-06-21,156,68,88,42.62,6
2014-06-22,163,72,91,38.96,2
2014-06-23,159,78,81,40.87,2
2014-06-24,147,65,82,38.65,2
2014-06-25,140,82,58,40.91,3
2014-06-26,188,96,92,40.59,2
2014-06-27,169,78,91,40.98,2
2014-06-28,161,80,81,40.22,2
2014-06-29,164,82,82,38.57,3
2014-06-30,180,88,92,40.6,2
2014-07-01,154,77,77,40.03,2
2014-07-02,168,70,98,40.99,2
2014-07-03,161,76,85,40.74,3
2014-07-04,142,61,81,39.97,2
2014-07-05,188,80,108,41.19,2
2014-07-06,175,85,90,40.25,2
2014-07-07,164,78,86,41.49,3
2014-07-08,185,97,88,40.28,2
2014-07-09,178,98,80,38.95,3
2014-07-10,177,71,106,39.44,2
2014-07-11,174,80,94,41.06,3
2014-07-12,138,60,78,40.62,2
2014-07-13,182,92,90,39.16,2
2014-07-14,191,94,97,40.7,2
2014-07-15,173,78,95,38.93,3
2014-07-16,181,99,82,41.66,2
2014-07-17,162,89,73,40.01,2
2014-07-18,166,80,86,40.78,6
2014-07-19,164,70,94,40.4,3
2014-07-20,198,89,109,37.63,3
2014-07-21,191,101,90,41.25,6
2014-07-22,164,77,87,42.29,2
2014-07-23,180,84,96,40.19,2
2014-07-24,168,89,79,40.18,2
2014-07-25,166,67,99,37.46,2
2014-07-26,139,56,83,40.33,2
2014-07-27,164,73,91,38.04,2
2014-07-28,203,86,117,41.55,6
2014-07-29,165,73,92,39.93,3
2014-07-30,162,70,92,40.02,6
2014-07-31,154,76,78,41.42,3
2014-08-01,153,76,77,40.16,2
2014-08-02,179,82,97,39.93,2
2014-08-03,145,59,86,38.3,3
2014-08-04,197,96,101,40.73,3
2014-08-05,115,48,67,39.72,2
2014-08-06,138,75,63,39.82,2
2014-08-07,193,111,82,40.07,2
2014-08-08,143,74,69,40.13,2
2014-08-09,121,58,63,39.17,3
2014-08-10,148,70,78,37.64,3
2014-08-11,173,85,88,37.47,3
2014-08-12,151,69,82,42.28,6
2014-08-13,161,79,82,41.81,2
2014-08-14,153,83,70,39.78,2
2014-08-15,164,73,91,39.74,2
2014-08-16,155,72,83,41.48,2
2014-08-17,126,53,73,38.08,2
2014-08-18,199,78,121,41.58,2
2014-08-19,182,76,106,46.66,6
2014-08-20,142,60,82,39.68,3
2014-08-21,163,83,80,41.12,2
2014-08-22,165,85,80,40.36,2
2014-08-23,143,69,74,42.84,3
2014-08-24,164,55,109,39.01,6
2014-08-25,163,92,71,41.72,6
2014-08-26,166,83,83,41.04,6
2014-08-27,140,71,69,40.39,2
2014-08-28,140,64,76,40.05,2
2014-08-29,125,54,71,40.95,2
2014-08-30,130,59,71,38.95,3
2014-08-31,159,64,95,38.88,3
2014-09-01,181,66,115,40.45,2
2014-09-02,175,94,81,38.49,2
2014-09-03,146,67,79,42.58,2
2014-09-04,120,52,68,43.48,3
2014-09-05,145,74,71,41.74,3
2014-09-06,160,81,79,38.58,2
2014-09-07,155,70,85,38.11,3
2014-09-08,176,76,100,39.08,3
2014-09-09,137,67,70,41.81,6
2014-09-10,152,72,80,42.14,2
2014-09-11,134,58,76,41.46,3
2014-09-12,157,85,72,40.26,3
2014-09-13,131,68,63,37.42,3
2014-09-14,124,52,72,37.51,3
2014-09-15,164,79,85,40.33,3
2014-09-16,157,87,70,41.24,2
2014-09-17,128,61,67,39.34,2
2014-09-18,163,84,79,40.17,3
2014-09-19,161,85,76,38.43,3
2014-09-20,176,73,103,40.15,3
2014-09-21,163,70,93,39.52,3
2014-09-22,155,84,71,41.14,2
2014-09-23,143,55,88,40.7,2
2014-09-24,144,73,71,41.24,6
2014-09-25,159,63,96,40.79,6
2014-09-26,161,68,93,40.16,2
2014-09-27,170,93,77,37.78,2
2014-09-28,150,76,74,38.19,2
2014-09-29,188,89,99,42.21,3
2014-09-30,172,88,84,39.4,3
2014-10-01,160,73,87,39.86,2
2014-10-02,168,88,80,39.92,2
2014-10-03,166,78,88,42.1,3
2014-10-04,147,70,77,42.42,2
2014-10-05,170,88,82,37.49,3
2014-10-06,172,75,97,38.97,3
2014-10-07,160,82,78,40.74,2
2014-10-08,197,90,107,40.9,2
2014-10-09,158,84,74,41.68,3
2014-10-10,149,62,87,39.07,6
2014-10-11,147,63,84,39.46,3
2014-10-12,178,80,98,39.3,6
2014-10-13,184,81,103,40.18,3
2014-10-14,150,69,81,41.17,2
2014-10-15,156,67,89,40.8,3
2014-10-16,171,81,90,39.47,6
2014-10-17,189,97,92,40.38,3
2014-10-18,177,92,85,39.15,2
2014-10-19,177,69,108,39.12,3
2014-10-20,203,85,118,39.93,2
2014-10-21,162,87,75,39.62,2
2014-10-22,171,70,101,40.57,2
2014-10-23,162,83,79,40.93,6
2014-10-24,168,86,82,40.93,6
2014-10-25,162,74,88,41.17,2
2014-10-26,190,82,108,39.21,2
2014-10-27,185,75,110,40.39,3
2014-10-28,183,96,87,40.75,6
2014-10-29,170,74,96,39.06,6
2014-10-30,147,65,82,40.39,2
2014-10-31,162,79,83,41.59,2
2014-11-01,175,89,86,38.69,3
2014-11-02,149,76,73,38.39,2
2014-11-03,170,91,79,39.56,2
2014-11-04,154,87,67,39.36,2
2014-11-05,170,73,97,41.18,3
2014-11-06,179,89,90,41.59,2
2014-11-07,213,102,111,42.01,2
2014-11-08,146,65,81,40.22,2
2014-11-09,161,77,84,38.63,3
2014-11-10,207,98,109,38.62,2
2014-11-11,156,76,80,39.96,2
2014-11-12,140,65,75,39.7,2
2014-11-13,132,64,68,41.02,6
2014-11-14,145,71,74,41.3,3
2014-11-15,150,66,84,40.17,3
2014-11-16,160,73,87,38.61,3
2014-11-17,139,70,69,41.82,2
2014-11-18,170,70,100,41.35,3
2014-11-19,172,85,87,36.25,3
2014-11-20,163,89,74,41.01,3
2014-11-21,160,76,84,40.78,6
2014-11-22,158,71,87,38.82,3
2014-11-23,159,56,103,39.75,3
2014-11-24,174,80,94,41.53,3
2014-11-25,170,90,80,38.51,3
2014-11-26,150,74,76,41.05,2
2014-11-27,149,65,84,38.65,2
2014-11-28,188,85,103,40.75,3
2014-11-29,200,78,122,40.56,2
2014-11-30,197,79,118,40.21,3
2014-12-01,183,93,90,42.54,3
2014-12-02,161,80,81,39.48,2
2014-12-03,168,93,75,43.21,6
2014-12-04,187,79,108,42.94,2
2014-12-05,182,89,93,42.67,2
2014-12-06,152,71,81,41.08,2
2014-12-07,173,89,84,38.88,3
2014-12-08,202,103,99,40.83,6
2014-12-09,191,91,100,41.55,3
2014-12-10,152,75,77,39.84,6
2014-12-11,149,65,84,40.05,3
2014-12-12,182,74,108,40.27,3
2014-12-13,186,73,113,40.75,3
2014-12-14,154,69,85,38.1,2
2014-12-15,165,77,88,41.55,6
2014-12-16,172,76,96,40.56,2
2014-12-17,139,66,73,41.36,2
2014-12-18,185,70,115,40.95,6
2014-12-19,154,83,71,40.51,6
2014-12-20,179,86,93,38.75,2
2014-12-21,163,75,88,39.99,2
2014-12-22,192,92,100,38.89,2
2014-12-23,141,70,71,39.5,3
2014-12-24,130,55,75,37.62,2
2014-12-25,104,47,57,42.1,2
2014-12-26,158,83,75,41.8,6
2014-12-27,153,59,94,38.81,6
2014-12-28,177,73,104,39.33,2
2014-12-29,167,69,98,38.92,3
2014-12-30,178,87,91,41.79,2
2014-12-31,156,65,91,41.94,2
2015-01-01,172,87,85,37.59,2
2015-01-02,150,64,86,40.05,2
2015-01-03,178,84,94,39.87,3
2015-01-04,136,58,78,39.05,6
2015-01-05,158,78,80,41.09,2
2015-01-06,149,70,79,40.56,3
2015-01-07,136,68,68,43.26,2
2015-01-08,146,63,83,41.48,2
2015-01-09,156,70,86,40.02,2
2015-01-10,153,64,89,39.92,2
2015-01-11,128,62,66,38.77,6
2015-01-12,164,70,94,40.73,3
2015-01-13,157,73,84,39.38,6
2015-01-14,141,56,85,42.32,2
2015-01-15,165,74,91,41.1,3
2015-01-16,188,96,92,38.13,2
2015-01-17,132,67,65,39.8,2
2015-01-18,169,76,93,38.73,3
2015-01-19,170,70,100,39.44,3
2015-01-20,148,65,83,41.76,2
2015-01-21,155,70,85,41.14,3
2015-01-22,172,82,90,40.53,6
2015-01-23,174,87,87,39.19,6
2015-01-24,136,66,70,38.3,3
2015-01-25,180,83,97,38.13,2
2015-01-26,184,90,94,38.7,2
2015-01-27,164,73,91,41.68,2
2015-01-28,165,79,86,41.91,6
2015-01-29,169,87,82,39.88,3
2015-01-30,180,71,109,40.23,3
2015-01-31,148,67,81,40.22,3
2015-02-01,144,63,81,39.7,3
2015-02-02,141,66,75,38.35,2
2015-02-03,134,60,74,42.04,3
2015-02-04,140,70,70,40.98,2
2015-02-05,155,65,90,40.52,3
2015-02-06,152,70,82,41.01,3
2015-02-07,131,60,71,38.28,2
2015-02-08,174,77,97,41.84,3
2015-02-09,183,81,102,39.33,2
2015-02-10,156,85,71,41.22,3
2015-02-11,135,63,72,41.01,2
2015-02-12,129,62,67,40.45,3
2015-02-13,148,73,75,41.91,3
2015-02-14,149,68,81,40.31,3
2015-02-15,127,63,64,39.93,3
2015-02-16,154,66,88,38.71,3
2015-02-17,157,74,83,40.02,2
2015-02-18,137,62,75,40.99,2
2015-02-19,124,53,71,39.72,2
2015-02-20,163,75,88,42.23,2
2015-02-21,146,70,76,39.58,2
2015-02-22,142,60,82,38.49,3
2015-02-23,79,37,42,39.48,3
2015-02-24,112,62,50,39.96,3
2015-02-25,128,60,68,40.85,2
2015-02-26,150,74,76,41.49,6
2015-02-27,109,40,69,41.67,2
2015-02-28,87,32,55,42.49,3
2015-03-01,141,57,84,39.48,3
2015-03-02,169,68,101,41.16,2
2015-03-03,161,82,79,39.48,3
2015-03-04,149,74,75,41.19,6
2015-03-05,104,48,56,38.53,2
2015-03-06,162,75,87,39.68,2
2015-03-07,158,73,85,37.06,3
2015-03-08,161,65,96,37.28,3
2015-03-09,155,70,85,42.66,6
2015-03-10,136,67,69,40.65,3
2015-03-11,153,78,75,43.86,2
2015-03-12,161,74,87,37.65,3
2015-03-13,140,54,86,39.24,2
2015-03-14,157,72,85,39.75,2
2015-03-15,182,87,95,38.26,6
2015-03-16,164,83,81,40.23,2
2015-03-17,124,54,70,39.73,2
2015-03-18,205,88,117,40.48,3
2015-03-19,153,75,78,39.78,2
2015-03-20,152,74,78,39.86,3
2015-03-21,156,73,83,40.44,2
2015-03-22,143,70,73,37.22,2
2015-03-23,164,78,86,41.87,6
2015-03-24,167,93,74,38.99,2
2015-03-25,186,92,94,39.71,2
2015-03-26,170,84,86,42.31,3
2015-03-27,166,77,89,41.18,2
2015-03-28,141,67,74,39.19,2
2015-03-29,163,75,88,40.06,2
2015-03-30,197,93,104,40.86,2
2015-03-31,184,97,87,39.05,2
2015-04-01,161,67,94,40.62,2
2015-04-02,160,76,84,39.63,2
2015-04-03,152,76,76,40.22,2
2015-04-04,173,76,97,37.84,2
2015-04-05,190,78,112,39.64,2
2015-04-06,185,79,106,40.3,2
2015-04-07,165,58,107,39.28,2
2015-04-08,164,72,92,40.55,2
2015-04-09,176,86,90,38.85,3
2015-04-10,142,72,70,40.16,2
2015-04-11,160,81,79,36.6,2
2015-04-12,184,82,102,39.67,6
2015-04-13,170,76,94,41.66,6
2015-04-14,139,56,83,41.35,2
2015-04-15,155,61,94,38.9,2
2015-04-16,144,74,70,39.35,2
2015-04-17,138,63,75,39.7,6
2015-04-18,167,69,98,38.94,2
2015-04-19,138,58,80,40.97,2
2015-04-20,163,75,88,38.63,2
2015-04-21,130,59,71,42.3,2
2015-04-22,166,86,80,39.47,2
2015-04-23,161,76,85,40.34,2
2015-04-24,154,73,81,41.14,2
2015-04-25,148,72,76,41.37,3
2015-04-26,181,89,92,40.14,2
2015-04-27,186,96,90,39.09,3
2015-04-28,155,71,84,40.87,2
2015-04-29,150,77,73,42.21,6
2015-04-30,174,89,85,41.6,2
2015-05-01,141,84,57,40.48,2
2015-05-02,144,52,92,41.25,6
2015-05-03,174,82,92,40.24,2
2015-05-04,194,95,99,38.97,2
2015-05-05,157,73,84,40.22,2
2015-05-06,141,82,59,38.93,2
2015-05-07,201,90,111,38.99,2
2015-05-08,163,73,90,37.78,2
2015-05-09,171,80,91,37.75,2
2015-05-10,126,54,72,36.57,3
2015-05-11,165,85,80,40.56,2
2015-05-12,165,80,85,40.48,3
2015-05-13,154,83,71,42.82,2
2015-05-14,147,68,79,38.9,3
2015-05-15,146,67,79,39.33,2
2015-05-16,156,73,83,40.71,3
2015-05-17,177,69,108,36.98,3
2015-05-18,198,92,106,40.91,2
2015-05-19,134,66,68,37.61,3
2015-05-20,163,84,79,39.33,2
2015-05-21,148,77,71,40.7,3
2015-05-22,178,76,102,39.21,2
2015-05-23,145,63,82,38.53,2
2015-05-24,141,68,73,40.07,2
2015-05-25,201,80,121,36.79,3
2015-05-26,177,96,81,41.84,2
2015-05-27,151,78,73,39.67,6
2015-05-28,163,76,87,39.17,6
2015-05-29,170,85,85,39.61,2
2015-05-30,180,79,101,37.91,2
2015-05-31,143,67,76,37.06,2
2015-06-01,196,98,98,38.78,2
2015-06-02,151,70,81,40.55,2
2015-06-03,166,93,73,36.82,2
2015-06-04,173,87,86,41.1,2
2015-06-05,174,82,92,41.72,2
2015-06-06,157,88,69,37.75,2
2015-06-07,156,70,86,37.17,3
2015-06-08,174,83,91,38.89,2
2015-06-09,181,89,92,38.5,2
2015-06-10,189,93,96,41.3,2
2015-06-11,183,92,91,40.69,2
2015-06-12,181,95,86,41.56,2
2015-06-13,157,64,93,41.05,2
2015-06-14,194,86,108,36.43,3
2015-06-15,219,110,109,39.22,2
2015-06-16,121,61,60,39.36,3
2015-06-17,184,101,83,40.95,2
2015-06-18,208,108,100,40.35,3
2015-06-19,161,83,78,38.16,2
2015-06-20,195,83,112,39.18,3
2015-06-21,177,86,91,38.79,2
2015-06-22,203,104,99,40.6,3
2015-06-23,181,93,88,38.88,2
2015-06-24,189,98,91,38.44,6
2015-06-25,186,77,109,40.1,2
2015-06-26,179,90,89,38.39,3
2015-06-27,190,99,91,38.87,3
2015-06-28,181,78,103,39.06,3
2015-06-29,193,95,98,41.66,2
2015-06-30,187,85,102,38.44,3
2015-07-01,173,81,92,40.63,2
2015-07-02,160,68,92,39.61,2
2015-07-03,170,83,87,41.44,3
2015-07-04,150,64,86,38.93,2
2015-07-05,185,90,95,42.57,2
2015-07-06,154,72,82,38.47,6
2015-07-07,186,93,93,40.28,2
2015-07-08,185,98,87,37.65,3
2015-07-09,177,94,83,41.09,2
2015-07-10,175,86,89,40.04,2
2015-07-11,178,80,98,38.65,3
2015-07-12,199,94,105,39.13,3
2015-07-13,196,84,112,39.6,6
2015-07-14,172,87,85,41.55,2
2015-07-15,171,95,76,41.56,2
2015-07-16,154,81,73,39.34,6
2015-07-17,162,89,73,40.35,2
2015-07-18,188,90,98,39.55,2
2015-07-19,173,80,93,38.97,2
2015-07-20,172,79,93,41.33,2
2015-07-21,175,90,85,40.22,2
2015-07-22,183,86,97,41.33,2
2015-07-23,191,92,99,39.93,6
2015-07-24,179,82,97,41.21,6
2015-07-25,165,82,83,39.37,6
2015-07-26,165,87,78,40.5,3
2015-07-27,186,88,98,40.83,2
2015-07-28,191,92,99,38.69,2
2015-07-29,194,87,107,38.19,2
2015-07-30,160,82,78,42.66,2
2015-07-31,172,94,78,39.24,2
2015-08-01,152,65,87,44.68,2
2015-08-02,175,78,97,38.34,2
2015-08-03,209,90,119,40.21,2
2015-08-04,167,67,100,39.6,2
2015-08-05,177,77,100,38.28,2
2015-08-06,169,82,87,41.89,2
2015-08-07,165,82,83,40.6,2
2015-08-08,167,78,89,41.09,2
2015-08-09,182,74,108,39.3,3
2015-08-10,177,83,94,39.67,2
2015-08-11,185,80,105,41.82,2
2015-08-12,145,60,85,41.23,2
2015-08-13,149,76,73,39.85,2
2015-08-14,166,86,80,41.13,6
2015-08-15,171,70,101,39.19,2
2015-08-16,173,80,93,38.77,2
2015-08-17,174,79,95,40.48,6
2015-08-18,160,77,83,41.01,3
2015-08-19,184,85,99,39.94,2
2015-08-20,154,78,76,40.83,2
2015-08-21,175,78,97,41.11,2
2015-08-22,163,71,92,39.93,3
2015-08-23,191,81,110,39.92,2
2015-08-24,183,78,105,39.7,3
2015-08-25,148,66,82,40.84,2
2015-08-26,164,78,86,39.1,2
2015-08-27,171,83,88,40.63,6
2015-08-28,182,82,100,39.0,3
2015-08-29,151,73,78,40.49,2
2015-08-30,171,78,93,38.36,2
2015-08-31,180,93,87,38.87,2
2015-09-01,162,88,74,39.49,2
2015-09-02,177,73,104,42.21,3
2015-09-03,149,65,84,41.19,3
2015-09-04,160,82,78,41.15,2
2015-09-05,161,80,81,41.42,3
2015-09-06,183,75,108,38.44,3
2015-09-07,146,64,82,41.09,3
2015-09-08,199,109,90,39.75,2
2015-09-09,171,78,93,40.43,6
2015-09-10,177,85,92,39.97,2
2015-09-11,172,78,94,41.07,6
2015-09-12,149,67,82,39.46,6
2015-09-13,134,58,76,38.75,2
2015-09-14,198,96,102,41.91,2
2015-09-15,188,96,92,40.96,2
2015-09-16,142,80,62,39.98,3
2015-09-17,176,74,102,41.79,6
2015-09-18,169,77,92,42.27,6
2015-09-19,170,70,100,41.64,3
2015-09-20,165,67,98,38.75,3
2015-09-21,188,93,95,40.26,2
2015-09-22,182,77,105,39.82,6
2015-09-23,157,71,86,40.37,2
2015-09-24,160,72,88,41.14,2
2015-09-25,134,57,77,42.37,2
2015-09-26,149,65,84,38.79,2
2015-09-27,150,79,71,38.15,2
2015-09-28,189,82,107,40.38,6
2015-09-29,170,84,86,41.55,3
2015-09-30,175,79,96,37.65,3
2015-10-01,189,90,99,41.62,3
2015-10-02,163,75,88,40.54,6
2015-10-03,204,90,114,41.8,2
2015-10-04,174,76,98,40.28,3
2015-10-05,182,95,87,39.53,3
2015-10-06,178,93,85,40.48,2
2015-10-07,184,99,85,40.45,6
2015-10-08,195,86,109,42.02,6
2015-10-09,159,74,85,40.52,3
2015-10-10,171,75,96,39.95,2
2015-10-11,187,74,113,39.19,3
2015-10-12,190,92,98,40.14,2
2015-10-13,161,80,81,40.68,2
2015-10-14,164,69,95,39.05,2
2015-10-15,204,93,111,38.97,3
2015-10-16,199,86,113,40.73,2
2015-10-17,193,84,109,38.53,2
2015-10-18,154,61,93,37.32,3
2015-10-19,181,88,93,40.14,2
2015-10-20,183,81,102,40.9,2
2015-10-21,180,82,98,41.56,2
2015-10-22,154,72,82,43.84,3
2015-10-23,138,68,70,38.97,2
2015-10-24,163,68,95,39.01,2
2015-10-25,174,77,97,39.66,3
2015-10-26,201,84,117,42.18,3
2015-10-27,199,76,123,38.37,6
2015-10-28,150,83,67,40.74,2
2015-10-29,166,76,90,39.77,2
2015-10-30,184,84,100,40.07,6
2015-10-31,180,71,109,39.82,3
2015-11-01,182,85,97,39.54,2
2015-11-02,193,86,107,39.47,6
2015-11-03,183,77,106,40.21,3
2015-11-04,188,86,102,40.96,2
2015-11-05,164,79,85,39.55,3
2015-11-06,180,78,102,40.44,2
2015-11-07,162,70,92,40.58,3
2015-11-08,163,73,90,39.8,2
2015-11-09,150,71,79,40.58,2
2015-11-10,172,90,82,41.12,3
2015-11-11,158,80,78,40.1,2
2015-11-12,157,74,83,39.87,3
2015-11-13,132,58,74,39.67,3
2015-11-14,154,70,84,39.23,6
2015-11-15,149,68,81,38.31,3
2015-11-16,163,78,85,38.38,3
2015-11-17,173,63,110,40.44,3
2015-11-18,196,87,109,40.31,2
2015-11-19,151,70,81,37.69,2
2015-11-20,192,98,94,40.71,2
2015-11-21,174,66,108,37.47,3
2015-11-22,193,83,110,40.15,3
2015-11-23,182,91,91,42.04,3
2015-11-24,178,81,97,38.96,3
2015-11-25,157,71,86,38.66,2
2015-11-26,134,54,80,39.54,3
2015-11-27,156,79,77,36.64,3
2015-11-28,135,61,74,39.19,3
2015-11-29,139,56,83,39.6,3
2015-11-30,198,82,116,43.26,6
2015-12-01,171,81,90,41.99,3
2015-12-02,179,90,89,41.88,2
2015-12-03,151,72,79,40.55,2
2015-12-04,158,59,99,40.79,6
2015-12-05,177,80,97,41.72,2
2015-12-06,173,88,85,40.4,2
2015-12-07,247,111,136,40.65,6
2015-12-08,193,97,96,41.25,6
2015-12-09,162,87,75,40.1,2
2015-12-10,199,91,108,41.29,6
2015-12-11,213,117,96,39.07,2
2015-12-12,194,79,115,40.54,3
2015-12-13,181,74,107,39.27,2
2015-12-14,198,104,94,40.12,2
2015-12-15,208,108,100,41.02,2
2015-12-16,167,58,109,42.29,6
2015-12-17,179,83,96,39.62,2
2015-12-18,170,72,98,40.99,2
2015-12-19,162,77,85,39.86,2
2015-12-20,175,73,102,40.73,3
2015-12-21,203,91,112,39.02,3
2015-12-22,211,97,114,39.79,3
2015-12-23,194,100,94,40.05,2
2015-12-24,136,65,71,39.86,3
2015-12-25,155,62,93,39.08,3
2015-12-26,149,63,86,40.69,2
2015-12-27,142,58,84,41.01,3
2015-12-28,199,80,119,38.25,3
2015-12-29,168,94,74,40.42,2
2015-12-30,181,82,99,40.28,6
2015-12-31,149,74,75,39.87,2
2016-01-01,233,103,130,40.36,2
2016-01-02,173,73,100,37.98,2
2016-01-03,162,75,87,37.27,6
2016-01-04,190,81,109,40.37,6
2016-01-05,192,83,109,40.6,6
2016-01-06,164,78,86,41.79,6
2016-01-07,178,76,102,39.28,3
2016-01-08,203,84,119,39.05,3
2016-01-09,176,81,95,40.62,6
2016-01-10,169,73,96,40.54,3
2016-01-11,168,85,83,41.62,2
2016-01-12,187,93,94,40.14,2
2016-01-13,186,104,82,40.12,2
2016-01-14,173,81,92,39.54,3
2016-01-15,173,78,95,40.51,6
2016-01-16,143,74,69,40.92,2
2016-01-17,159,71,88,38.5,3
2016-01-18,171,87,84,40.77,6
2016-01-19,165,76,89,41.41,2
2016-01-20,161,67,94,40.93,2
2016-01-21,145,73,72,39.22,2
2016-01-22,163,78,85,44.42,6
2016-01-23,167,75,92,38.19,3
2016-01-24,140,62,78,38.19,3
2016-01-25,188,92,96,40.96,2
2016-01-26,166,82,84,41.23,2
2016-01-27,171,62,109,42.39,3
2016-01-28,164,67,97,40.37,2
2016-01-29,170,84,86,40.06,6
2016-01-30,165,75,90,40.5,2
2016-01-31,209,85,124,38.54,3
2016-02-01,208,97,111,41.05,2
2016-02-02,158,83,75,38.75,2
2016-02-03,162,73,89,41.17,2
2016-02-04,160,76,84,39.46,2
2016-02-05,165,75,90,41.81,2
2016-02-06,155,61,94,41.36,3
2016-02-07,165,66,99,38.19,3
2016-02-08,190,83,107,40.97,6
2016-02-09,137,58,79,41.96,6
2016-02-10,147,74,73,39.75,3
2016-02-11,160,82,78,42.26,2
2016-02-12,157,73,84,42.13,6
2016-02-13,137,69,68,37.45,2
2016-02-14,164,69,95,37.41,3
2016-02-15,175,81,94,38.75,3
2016-02-16,137,73,64,43.17,2
2016-02-17,155,78,77,41.04,2
2016-02-18,174,89,85,42.45,3
2016-02-19,178,80,98,41.44,3
2016-02-20,145,64,81,41.3,3
2016-02-21,161,67,94,37.17,3
2016-02-22,198,94,104,40.54,3
2016-02-23,148,67,81,40.55,3
2016-02-24,145,66,79,42.21,6
2016-02-25,143,67,76,39.46,3
2016-02-26,178,77,101,38.08,3
2016-02-27,184,74,110,39.76,3
2016-02-28,153,67,86,38.24,3
2016-02-29,181,85,96,40.75,2
2016-03-01,158,65,93,39.41,2
2016-03-02,152,66,86,39.14,3
2016-03-03,171,84,87,42.09,2
2016-03-04,180,87,93,39.32,2
2016-03-05,162,64,98,42.69,2
2016-03-06,143,65,78,38.68,2
2016-03-07,169,83,86,40.96,2
2016-03-08,150,65,85,41.79,2
2016-03-09,176,87,89,38.92,3
2016-03-10,164,75,89,39.11,3
2016-03-11,152,70,82,38.18,2
2016-03-12,151,69,82,39.84,3
2016-03-13,195,90,105,38.9,2
2016-03-14,163,84,79,37.72,3
2016-03-15,184,88,96,39.35,2
2016-03-16,153,71,82,41.86,3
2016-03-17,165,85,80,41.33,2
2016-03-18,172,78,94,42.02,2
2016-03-19,162,69,93,41.25,2
2016-03-20,143,53,90,38.62,3
2016-03-21,169,77,92,41.41,3
2016-03-22,161,82,79,39.16,2
2016-03-23,163,83,80,42.4,2
2016-03-24,175,86,89,41.76,2
2016-03-25,156,73,83,38.58,3
2016-03-26,154,70,84,40.69,6
2016-03-27,159,66,93,39.83,2
2016-03-28,207,107,100,39.91,2
2016-03-29,172,86,86,40.77,2
2016-03-30,142,80,62,40.02,2
2016-03-31,178,96,82,40.01,2
2016-04-01,140,76,64,39.46,2
2016-04-02,167,73,94,40.05,2
2016-04-03,166,67,99,40.46,3
2016-04-04,184,88,96,39.15,2
2016-04-05,179,96,83,42.29,2
2016-04-06,168,80,88,37.36,3
2016-04-07,139,83,56,39.16,3
2016-04-08,198,99,99,39.81,3
2016-04-09,177,81,96,39.34,2
2016-04-10,152,80,72,37.56,2
2016-04-11,209,108,101,38.78,2
2016-04-12,205,83,122,40.2,3
2016-04-13,183,93,90,40.48,2
2016-04-14,188,75,113,39.39,3
2016-04-15,175,86,89,38.65,3
2016-04-16,182,80,102,38.85,3
2016-04-17,158,75,83,38.32,2
2016-04-18,191,88,103,41.39,3
2016-04-19,189,85,104,40.28,3
2016-04-20,189,102,87,39.14,3
2016-04-21,171,66,105,40.89,2
2016-04-22,178,82,96,41.16,3
2016-04-23,161,79,82,40.72,2
2016-04-24,176,78,98,40.21,3
2016-04-25,228,109,119,40.75,2
2016-04-26,208,97,111,40.12,2
2016-04-27,179,82,97,41.13,6
2016-04-28,181,86,95,39.98,3
2016-04-29,180,85,95,38.22,3
2016-04-30,156,70,86,40.69,3
2016-05-01,205,89,116,36.0,3
2016-05-02,189,80,109,38.74,3
2016-05-03,186,77,109,42.46,2
2016-05-04,187,83,104,41.05,3
2016-05-05,153,73,80,43.16,2
2016-05-06,178,74,104,38.27,2
2016-05-07,159,70,89,37.65,2
2016-05-08,161,91,70,39.17,3
2016-05-09,151,74,77,39.47,3
2016-05-10,168,80,88,40.98,2
2016-05-11,162,82,80,40.88,2
2016-05-12,179,88,91,40.58,3
2016-05-13,182,76,106,41.99,2
2016-05-14,173,83,90,39.35,2
2016-05-15,156,64,92,40.04,3
2016-05-16,213,106,107,40.27,2
2016-05-17,186,76,110,38.69,3
2016-05-18,167,74,93,40.87,2
2016-05-19,157,79,78,40.35,6
2016-05-20,152,76,76,39.91,2
2016-05-21,192,82,110,39.1,2
2016-05-22,192,74,118,38.65,3
2016-05-23,215,84,131,40.73,2
2016-05-24,188,79,109,38.44,2
2016-05-25,171,81,90,41.05,2
2016-05-26,197,89,108,43.23,2
2016-05-27,153,72,81,40.35,6
2016-05-28,201,99,102,38.35,2
2016-05-29,144,60,84,40.13,3
2016-05-30,208,79,129,39.27,2
2016-05-31,193,82,111,41.62,2
2016-06-01,192,81,111,38.96,3
2016-06-02,194,101,93,40.32,3
2016-06-03,169,78,91,41.73,2
2016-06-04,184,91,93,40.02,2
2016-06-05,204,96,108,38.94,3
2016-06-06,195,98,97,39.72,3
2016-06-07,165,75,90,40.32,3
2016-06-08,182,87,95,39.08,3
2016-06-09,139,64,75,42.85,2
2016-06-10,207,89,118,39.71,3
2016-06-11,189,86,103,38.98,3
2016-06-12,196,94,102,37.32,2
2016-06-13,156,64,92,41.85,2
2016-06-14,168,93,75,42.07,2
2016-06-15,164,84,80,40.23,6
2016-06-16,152,56,96,40.65,3
2016-06-17,173,81,92,39.6,3
2016-06-18,218,97,121,38.93,3
2016-06-19,155,73,82,40.65,2
2016-06-20,192,87,105,42.52,2
2016-06-21,218,104,114,40.89,2
2016-06-22,155,79,76,41.28,3
2016-06-23,211,94,117,40.88,6
2016-06-24,168,79,89,38.58,2
2016-06-25,195,87,108,40.34,3
2016-06-26,200,96,104,38.79,3
2016-06-27,192,95,97,41.1,2
2016-06-28,157,69,88,38.61,2
2016-06-29,175,72,103,41.45,2
2016-06-30,173,75,98,40.83,2
2016-07-01,166,70,96,40.8,2
2016-07-02,176,78,98,40.99,6
2016-07-03,169,88,81,41.14,2
2016-07-04,166,77,89,39.25,3
2016-07-05,199,100,99,39.48,2
2016-07-06,174,91,83,41.8,2
2016-07-07,162,78,84,41.27,2
2016-07-08,152,80,72,38.61,2
2016-07-09,149,60,89,36.73,3
2016-07-10,161,61,100,39.6,6
2016-07-11,195,81,114,40.87,3
2016-07-12,165,67,98,37.17,2
2016-07-13,152,82,70,40.09,3
2016-07-14,178,87,91,41.47,2
2016-07-15,186,88,98,38.61,2
2016-07-16,146,79,67,39.94,2
2016-07-17,167,68,99,40.15,2
2016-07-18,200,89,111,38.49,2
2016-07-19,173,84,89,42.75,3
2016-07-20,165,67,98,40.36,2
2016-07-21,182,87,95,42.24,3
2016-07-22,194,84,110,38.33,2
2016-07-23,197,103,94,40.3,2
2016-07-24,171,76,95,36.49,3
2016-07-25,193,91,102,39.26,3
2016-07-26,179,75,104,39.28,3
2016-07-27,136,56,80,39.26,3
2016-07-28,161,84,77,41.37,6
2016-07-29,177,78,99,41.62,2
2016-07-30,187,85,102,38.17,6
2016-07-31,208,94,114,39.96,3
2016-08-01,208,94,114,40.38,2
2016-08-02,204,94,110,41.06,3
2016-08-03,149,71,78,40.13,3
2016-08-04,184,84,100,42.37,2
2016-08-05,193,87,106,41.06,2
2016-08-06,181,82,99,42.43,2
2016-08-07,181,77,104,39.88,6
2016-08-08,183,94,89,42.16,2
2016-08-09,177,85,92,39.36,6
2016-08-10,187,77,110,41.2,2
2016-08-11,180,75,105,41.12,2
2016-08-12,156,73,83,40.34,2
2016-08-13,183,97,86,39.67,2
2016-08-14,174,81,93,38.51,2
2016-08-15,189,86,103,39.38,2
2016-08-16,173,82,91,39.47,2
2016-08-17,139,67,72,39.81,3
2016-08-18,167,84,83,37.68,2
2016-08-19,173,75,98,40.53,6
2016-08-20,174,82,92,40.56,3
2016-08-21,187,94,93,37.86,2
2016-08-22,159,73,86,40.02,3
2016-08-23,146,70,76,42.12,2
2016-08-24,170,86,84,39.71,6
2016-08-25,176,88,88,42.51,3
2016-08-26,180,86,94,40.11,2
2016-08-27,157,75,82,39.03,3
2016-08-28,193,70,123,36.7,3
2016-08-29,184,89,95,37.85,2
2016-08-30,198,93,105,39.25,3
2016-08-31,192,111,81,40.1,3
2016-09-01,177,87,90,41.53,3
2016-09-02,212,97,115,39.06,3
2016-09-03,184,79,105,38.59,3
2016-09-04,165,77,88,38.44,2
2016-09-05,184,83,101,41.01,3
2016-09-06,187,94,93,40.1,3
2016-09-07,181,96,85,40.83,2
2016-09-08,178,88,90,41.65,2
2016-09-09,176,80,96,41.18,3
2016-09-10,173,85,88,40.59,3
2016-09-11,196,82,114,38.0,3
2016-09-12,196,93,103,40.33,2
2016-09-13,181,92,89,40.12,2
2016-09-14,169,74,95,40.31,3
2016-09-15,190,84,106,40.01,2
2016-09-16,176,64,112,41.47,3
2016-09-17,165,73,92,38.55,3
2016-09-18,184,86,98,40.2,3
2016-09-19,211,100,111,40.66,2
2016-09-20,185,90,95,40.5,2
2016-09-21,155,86,69,42.65,2
2016-09-22,165,72,93,40.21,2
2016-09-23,183,78,105,40.12,3
2016-09-24,164,65,99,38.55,2
2016-09-25,187,68,119,37.93,3
2016-09-26,197,86,111,39.49,3
2016-09-27,139,68,71,42.01,2
2016-09-28,156,70,86,42.01,3
2016-09-29,154,79,75,39.8,2
2016-09-30,147,78,69,42.54,2
2016-10-01,151,66,85,38.43,3
2016-10-02,187,85,102,40.95,3
2016-10-03,200,94,106,41.84,2
2016-10-04,192,94,98,40.7,3
2016-10-05,175,89,86,41.58,2
2016-10-06,150,67,83,38.84,6
2016-10-07,142,59,83,39.51,3
2016-10-08,162,80,82,40.64,3
2016-10-09,179,74,105,38.96,3
2016-10-10,178,87,91,39.0,2
2016-10-11,165,79,86,40.89,3
2016-10-12,192,83,109,38.88,3
2016-10-13,170,73,97,39.83,2
2016-10-14,167,77,90,39.72,3
2016-10-15,195,79,116,39.5,2
2016-10-16,186,81,105,37.96,3
2016-10-17,210,101,109,39.17,2
2016-10-18,186,94,92,39.97,2
2016-10-19,196,100,96,39.02,3
2016-10-20,163,69,94,39.3,6
2016-10-21,187,85,102,41.81,3
2016-10-22,174,69,105,40.08,2
2016-10-23,189,94,95,37.31,3
2016-10-24,196,100,96,40.3,3
2016-10-25,139,65,74,39.37,6
2016-10-26,155,78,77,41.68,2
2016-10-27,175,89,86,40.92,2
2016-10-28,143,64,79,40.77,2
2016-10-29,163,82,81,39.06,2
2016-10-30,185,75,110,41.38,3
2016-10-31,175,78,97,39.39,3
2016-11-01,182,90,92,42.41,2
2016-11-02,207,110,97,39.34,6
2016-11-03,171,72,99,39.66,2
2016-11-04,203,87,116,39.09,3
2016-11-05,178,80,98,40.48,3
2016-11-06,182,83,99,39.68,3
2016-11-07,187,89,98,40.01,6
2016-11-08,176,79,97,38.54,3
2016-11-09,159,92,67,40.69,6
2016-11-10,156,71,85,39.15,3
2016-11-11,162,73,89,41.38,3
2016-11-12,174,72,102,38.99,3
2016-11-13,187,88,99,42.82,6
2016-11-14,195,96,99,42.36,6
2016-11-15,182,86,96,40.08,3
2016-11-16,185,78,107,41.63,2
2016-11-17,165,78,87,38.69,3
2016-11-18,165,87,78,40.3,3
2016-11-19,164,74,90,40.04,2
2016-11-20,146,69,77,42.51,2
2016-11-21,192,95,97,38.59,2
2016-11-22,147,71,76,39.49,2
2016-11-23,125,62,63,43.15,2
2016-11-24,130,52,78,38.82,3
2016-11-25,170,68,102,39.93,3
2016-11-26,150,71,79,39.19,3
2016-11-27,211,99,112,37.58,3
2016-11-28,220,94,126,40.88,2
2016-11-29,206,105,101,41.02,3
2016-11-30,222,109,113,40.9,3
2016-12-01,139,68,71,37.78,2
2016-12-02,151,60,91,42.09,6
2016-12-03,135,49,86,41.24,2
2016-12-04,162,73,89,38.27,3
2016-12-05,166,68,98,37.95,3
2016-12-06,176,95,81,40.88,2
2016-12-07,191,88,103,39.16,6
2016-12-08,162,72,90,40.3,6
2016-12-09,137,69,68,41.81,2
2016-12-10,179,79,100,37.72,3
2016-12-11,179,63,116,40.46,2
2016-12-12,212,95,117,39.22,2
2016-12-13,155,73,82,41.41,3
2016-12-14,176,94,82,42.1,2
2016-12-15,153,73,80,39.18,3
2016-12-16,192,105,87,39.56,6
2016-12-17,170,68,102,41.05,3
2016-12-18,131,55,76,36.96,3
2016-12-19,172,81,91,41.68,2
2016-12-20,153,70,83,42.29,3
2016-12-21,173,82,91,39.17,3
2016-12-22,185,87,98,42.66,2
2016-12-23,194,83,111,42.02,2
2016-12-24,152,79,73,41.06,2
2016-12-25,127,53,74,40.82,3
2016-12-26,194,89,105,39.04,3
2016-12-27,197,83,114,40.2,3
2016-12-28,170,71,99,39.95,3
2016-12-29,204,94,110,41.09,2
2016-12-30,178,84,94,39.93,3
2016-12-31,184,73,111,40.76,3
2017-01-01,210,88,122,38.43,3
2017-01-02,188,82,106,40.77,2
2017-01-03,198,86,112,39.34,3
2017-01-04,162,71,91,41.29,2
2017-01-05,167,67,100,40.94,3
2017-01-06,139,59,80,39.87,2
2017-01-07,140,62,78,40.08,2
2017-01-08,145,65,80,38.61,2
2017-01-09,185,88,97,40.52,2
2017-01-10,184,81,103,40.04,2
2017-01-11,138,73,65,42.01,6
2017-01-12,143,74,69,41.06,3
2017-01-13,161,83,78,39.46,6
2017-01-14,155,63,92,38.66,3
2017-01-15,139,58,81,40.12,3
2017-01-16,177,68,109,41.65,3
2017-01-17,183,75,108,42.02,2
2017-01-18,177,80,97,41.28,6
2017-01-19,180,89,91,40.65,3
2017-01-20,165,67,98,39.62,3
2017-01-21,174,75,99,38.24,3
2017-01-22,146,62,84,38.99,2
2017-01-23,184,89,95,42.02,2
2017-01-24,167,86,81,39.74,6
2017-01-25,172,78,94,39.07,2
2017-01-26,150,71,79,40.63,3
2017-01-27,159,71,88,40.09,3
2017-01-28,161,66,95,37.63,2
2017-01-29,179,85,94,39.87,3
2017-01-30,209,94,115,40.33,3
2017-01-31,160,75,85,40.56,2
2017-02-01,168,84,84,40.89,6
2017-02-02,175,83,92,41.69,6
2017-02-03,188,97,91,41.2,2
2017-02-04,170,72,98,38.36,2
2017-02-05,183,83,100,37.1,3
2017-02-06,196,94,102,39.58,2
2017-02-07,197,96,101,40.3,6
2017-02-08,185,87,98,39.67,3
2017-02-09,153,76,77,38.89,2
2017-02-10,150,64,86,40.99,3
2017-02-11,162,70,92,40.16,3
2017-02-12,171,82,89,38.46,3
2017-02-13,188,97,91,39.54,2
2017-02-14,120,58,62,41.44,6
2017-02-15,176,85,91,40.62,3
2017-02-16,141,74,67,40.57,2
2017-02-17,153,71,82,39.8,2
2017-02-18,124,57,67,42.02,3
2017-02-19,169,66,103,39.47,3
2017-02-20,182,80,102,40.59,3
2017-02-21,170,86,84,41.99,2
2017-02-22,132,63,69,43.51,6
2017-02-23,132,73,59,37.95,3
2017-02-24,143,69,74,39.89,3
2017-02-25,136,65,71,38.03,6
2017-02-26,145,66,79,37.88,3
2017-02-27,175,90,85,39.92,2
2017-02-28,178,78,100,40.53,6
2017-03-01,145,67,78,40.19,6
2017-03-02,137,70,67,41.02,3
2017-03-03,153,73,80,39.35,3
2017-03-04,136,61,75,41.68,2
2017-03-05,104,51,53,38.15,6
2017-03-06,185,87,98,40.01,3
2017-03-07,135,60,75,38.9,2
2017-03-08,121,51,70,41.29,2
2017-03-09,168,74,94,41.82,2
2017-03-10,167,71,96,38.85,3
2017-03-11,152,66,86,39.08,3
2017-03-12,141,75,66,37.27,3
2017-03-13,185,98,87,42.13,3
2017-03-14,128,55,73,42.63,2
2017-03-15,157,70,87,39.7,3
2017-03-16,137,72,65,40.58,3
2017-03-17,189,85,104,39.97,3
2017-03-18,145,59,86,38.51,2
2017-03-19,167,72,95,41.26,3
2017-03-20,190,96,94,39.16,2
2017-03-21,158,81,77,39.59,2
2017-03-22,150,80,70,37.17,3
2017-03-23,149,71,78,40.34,3
2017-03-24,138,68,70,40.2,2
2017-03-25,148,64,84,40.3,2
2017-03-26,178,78,100,39.02,2
2017-03-27,144,64,80,39.61,3
2017-03-28,168,83,85,37.96,6
2017-03-29,169,80,89,41.88,3
2017-03-30,159,67,92,40.37,3
2017-03-31,169,74,95,40.23,3
2017-04-01,178,84,94,39.17,3
2017-04-02,151,72,79,37.34,6
2017-04-03,148,70,78,38.94,2
2017-04-04,199,104,95,38.5,3
2017-04-05,166,90,76,40.67,2
2017-04-06,128,67,61,37.71,2
2017-04-07,156,75,81,39.7,2
2017-04-08,165,79,86,38.56,2
2017-04-09,163,73,90,38.98,2
2017-04-10,213,92,121,39.15,2
2017-04-11,153,75,78,37.61,3
2017-04-12,181,86,95,39.48,2
2017-04-13,147,72,75,41.54,3
2017-04-14,175,84,91,40.21,3
2017-04-15,196,89,107,38.04,3
2017-04-16,146,68,78,41.6,2
2017-04-17,182,70,112,39.16,3
2017-04-18,159,81,78,39.15,2
2017-04-19,167,83,84,38.86,2
2017-04-20,174,66,108,43.12,6
2017-04-21,144,64,80,42.07,3
2017-04-22,153,82,71,39.84,3
2017-04-23,150,73,77,42.55,2
2017-04-24,171,88,83,39.63,2
2017-04-25,169,81,88,37.19,2
2017-04-26,155,74,81,38.72,2
2017-04-27,163,69,94,40.1,3
2017-04-28,189,99,90,39.35,2
2017-04-29,151,63,88,39.91,6
2017-04-30,177,91,86,38.36,2
2017-05-01,168,87,81,41.92,2
2017-05-02,141,60,81,40.04,3
2017-05-03,191,101,90,40.43,2
2017-05-04,150,69,81,41.89,2
2017-05-05,171,75,96,41.05,6
2017-05-06,137,48,89,39.88,3
2017-05-07,176,84,92,40.07,2
2017-05-08,181,74,107,41.53,3
2017-05-09,186,83,103,40.2,2
2017-05-10,174,88,86,41.4,3
2017-05-11,184,99,85,39.0,2
2017-05-12,167,75,92,41.54,3
2017-05-13,192,88,104,40.03,3
2017-05-14,177,76,101,38.79,3
2017-05-15,187,77,110,40.82,3
2017-05-16,144,74,70,40.65,3
2017-05-17,162,71,91,38.67,3
2017-05-18,154,77,77,39.57,3
2017-05-19,184,87,97,38.03,2
2017-05-20,155,70,85,41.35,3
2017-05-21,139,63,76,37.29,2
2017-05-22,184,80,104,42.61,2
2017-05-23,154,83,71,38.25,2
2017-05-24,177,78,99,40.51,6
2017-05-25,176,70,106,40.53,3
2017-05-26,149,78,71,38.95,3
2017-05-27,153,58,95,40.98,6
2017-05-28,153,69,84,39.69,2
2017-05-29,195,95,100,39.25,3
2017-05-30,190,78,112,41.54,3
2017-05-31,178,91,87,40.1,2
2017-06-01,161,72,89,40.97,2
2017-06-02,164,67,97,43.25,2
2017-06-03,163,77,86,39.15,3
2017-06-04,187,101,86,39.27,3
2017-06-05,183,79,104,41.27,2
2017-06-06,167,80,87,38.26,2
2017-06-07,140,62,78,38.35,6
2017-06-08,164,81,83,42.29,2
2017-06-09,165,72,93,39.58,2
2017-06-10,150,73,77,39.75,2
2017-06-11,186,81,105,40.81,2
2017-06-12,211,98,113,42.19,3
2017-06-13,173,75,98,40.6,2
2017-06-14,166,71,95,39.84,6
2017-06-15,164,78,86,39.12,6
2017-06-16,199,93,106,41.3,2
2017-06-17,152,68,84,40.4,2
2017-06-18,179,79,100,41.67,2
2017-06-19,178,74,104,40.24,2
2017-06-20,148,69,79,42.11,2
2017-06-21,159,70,89,40.62,6
2017-06-22,176,94,82,41.35,2
2017-06-23,184,89,95,41.11,6
2017-06-24,158,70,88,39.92,3
2017-06-25,168,84,84,40.55,3
2017-06-26,175,71,104,38.87,2
2017-06-27,165,61,104,41.73,2
2017-06-28,150,73,77,40.26,2
2017-06-29,145,72,73,38.17,2
2017-06-30,184,83,101,42.18,2
2017-07-01,144,62,82,40.9,2
2017-07-02,168,76,92,38.66,3
2017-07-03,161,76,85,41.15,6
2017-07-04,157,65,92,41.56,2
2017-07-05,196,90,106,40.77,3
2017-07-06,146,72,74,39.37,3
2017-07-07,165,80,85,39.36,2
2017-07-08,140,59,81,40.99,2
2017-07-09,159,88,71,36.63,2
2017-07-10,163,86,77,40.99,2
2017-07-11,159,72,87,39.81,2
2017-07-12,151,68,83,40.44,6
2017-07-13,164,75,89,41.84,2
2017-07-14,183,89,94,39.3,3
2017-07-15,172,90,82,41.88,2
2017-07-16,164,75,89,37.78,3
2017-07-17,166,81,85,41.14,2
2017-07-18,176,89,87,42.12,2
2017-07-19,165,81,84,38.84,2
2017-07-20,166,78,88,40.57,2
2017-07-21,179,74,105,39.94,3
2017-07-22,149,62,87,39.97,2
2017-07-23,163,71,92,39.58,3
2017-07-24,174,74,100,39.65,6
2017-07-25,151,78,73,39.23,2
2017-07-26,167,75,92,39.36,6
2017-07-27,174,80,94,41.56,2
2017-07-28,174,93,81,40.48,3
2017-07-29,204,83,121,40.0,2
2017-07-30,165,79,86,39.43,2
2017-07-31,162,82,80,39.46,2
2017-08-01,154,79,75,41.49,6
2017-08-02,171,84,87,39.82,2
2017-08-03,160,75,85,42.02,2
2017-08-04,143,80,63,41.27,6
2017-08-05,170,70,100,38.53,2
2017-08-06,180,77,103,37.57,3
2017-08-07,175,92,83,41.19,2
2017-08-08,168,98,70,40.83,2
2017-08-09,172,76,96,40.73,3
2017-08-10,183,90,93,39.56,2
2017-08-11,178,86,92,40.38,3
2017-08-12,160,75,85,39.56,2
2017-08-13,159,65,94,38.65,2
2017-08-14,199,97,102,38.74,2
2017-08-15,155,70,85,40.5,2
2017-08-16,192,92,100,38.91,2
2017-08-17,193,89,104,39.67,3
2017-08-18,187,79,108,38.57,2
2017-08-19,182,77,105,39.97,2
2017-08-20,171,84,87,37.64,2
2017-08-21,166,89,77,41.92,6
2017-08-22,191,84,107,40.76,2
2017-08-23,162,72,90,40.48,6
2017-08-24,186,93,93,38.55,3
2017-08-25,169,74,95,39.1,3
2017-08-26,173,68,105,39.38,2
2017-08-27,177,68,109,39.53,3
2017-08-28,182,82,100,41.95,3
2017-08-29,187,104,83,38.96,2
2017-08-30,184,81,103,40.82,2
2017-08-31,186,86,100,41.39,2
2017-09-01,181,85,96,39.04,6
2017-09-02,155,59,96,39.77,3
2017-09-03,174,75,99,37.84,2
2017-09-04,176,75,101,39.21,2
2017-09-05,213,90,123,43.31,2
2017-09-06,140,65,75,40.56,2
2017-09-07,160,84,76,41.59,6
2017-09-08,171,83,88,40.96,2
2017-09-09,168,72,96,41.61,2
2017-09-10,149,60,89,39.15,3
2017-09-11,188,75,113,39.68,2
2017-09-12,148,83,65,39.67,3
2017-09-13,154,74,80,40.41,6
2017-09-14,161,80,81,41.0,2
2017-09-15,176,85,91,40.07,3
2017-09-16,179,87,92,39.76,3
2017-09-17,173,82,91,37.04,3
2017-09-18,176,81,95,37.91,3
2017-09-19,180,87,93,42.43,2
2017-09-20,177,77,100,41.61,2
2017-09-21,179,72,107,39.64,2
2017-09-22,158,74,84,41.08,2
2017-09-23,141,64,77,40.46,3
2017-09-24,164,62,102,40.33,3
2017-09-25,171,80,91,39.2,2
2017-09-26,156,72,84,40.4,2
2017-09-27,140,73,67,42.86,3
2017-09-28,177,69,108,38.4,6
2017-09-29,146,67,79,40.99,3
2017-09-30,148,68,80,40.71,2
2017-10-01,166,77,89,38.07,3
2017-10-02,167,74,93,41.57,2
2017-10-03,168,77,91,41.96,2
2017-10-04,149,74,75,39.54,3
2017-10-05,164,84,80,41.9,6
2017-10-06,185,77,108,40.81,3
2017-10-07,162,85,77,38.01,2
2017-10-08,191,83,108,38.55,6
2017-10-09,179,81,98,40.41,3
2017-10-10,151,63,88,41.83,3
2017-10-11,153,82,71,39.93,3
2017-10-12,175,81,94,40.69,3
2017-10-13,175,87,88,41.63,3
2017-10-14,177,72,105,40.37,2
2017-10-15,158,73,85,36.72,3
2017-10-16,179,77,102,39.61,3
2017-10-17,160,82,78,40.86,2
2017-10-18,120,54,66,39.69,3
2017-10-19,156,60,96,39.33,2
2017-10-20,145,64,81,39.8,2
2017-10-21,148,68,80,40.18,3
2017-10-22,178,71,107,39.36,6
2017-10-23,196,100,96,40.84,6
2017-10-24,156,70,86,40.87,3
2017-10-25,158,66,92,39.16,3
2017-10-26,184,85,99,40.86,3
2017-10-27,158,67,91,41.79,3
2017-10-28,132,59,73,40.61,3
2017-10-29,148,52,96,38.97,3
2017-10-30,157,77,80,40.59,6
2017-10-31,158,61,97,39.37,2
2017-11-01,146,70,76,39.98,2
2017-11-02,158,72,86,40.32,2
2017-11-03,145,70,75,41.92,2
2017-11-04,147,57,90,40.24,3
2017-11-05,208,82,126,40.75,3
2017-11-06,176,86,90,39.92,6
2017-11-07,158,74,84,39.16,6
2017-11-08,119,53,66,40.26,3
2017-11-09,133,65,68,39.15,2
2017-11-10,165,74,91,39.91,2
2017-11-11,170,72,98,39.35,3
2017-11-12,194,96,98,36.91,3
2017-11-13,186,86,100,39.09,3
2017-11-14,146,73,73,41.65,2
2017-11-15,166,83,83,41.6,2
2017-11-16,165,78,87,41.25,2
2017-11-17,151,67,84,39.68,3
2017-11-18,166,81,85,41.8,2
2017-11-19,171,72,99,39.53,2
2017-11-20,167,65,102,39.8,3
2017-11-21,163,84,79,39.6,6
2017-11-22,144,59,85,39.44,6
2017-11-23,127,52,75,37.68,3
2017-11-24,154,67,87,39.92,2
2017-11-25,153,66,87,40.41,3
2017-11-26,154,79,75,39.06,3
2017-11-27,181,78,103,40.91,3
2017-11-28,191,86,105,41.59,6
2017-11-29,145,71,74,41.14,2
2017-11-30,166,78,88,41.95,2
2017-12-01,163,82,81,40.36,6
2017-12-02,152,76,76,39.3,3
2017-12-03,174,69,105,37.69,3
2017-12-04,153,73,80,40.88,3
2017-12-05,160,66,94,40.21,3
2017-12-06,149,67,82,41.04,2
2017-12-07,162,81,81,38.85,3
2017-12-08,133,63,70,41.26,6
2017-12-09,138,59,79,41.79,6
2017-12-10,136,59,77,39.75,6
2017-12-11,189,91,98,40.44,2
2017-12-12,150,59,91,40.09,6
2017-12-13,146,71,75,41.99,2
2017-12-14,124,65,59,41.78,6
2017-12-15,159,73,86,40.3,2
2017-12-16,155,70,85,40.7,6
2017-12-17,169,70,99,38.33,2
2017-12-18,143,65,78,39.45,3
2017-12-19,139,68,71,40.37,6
2017-12-20,143,64,79,42.83,6
2017-12-21,194,86,108,40.22,6
2017-12-22,139,54,85,41.76,2
2017-12-23,158,63,95,39.7,6
2017-12-24,146,61,85,37.42,3
2017-12-25,89,40,49,41.88,3
2017-12-26,122,47,75,41.06,2
2017-12-27,147,68,79,42.77,6
2017-12-28,143,66,77,44.63,2
2017-12-29,157,77,80,40.59,6
2017-12-30,163,60,103,39.28,2
2017-12-31,118,56,62,40.28,2
2018-01-01,165,77,88,39.08,6
2018-01-02,157,77,80,41.83,2
2018-01-03,138,68,70,39.47,2
2018-01-04,166,77,89,44.04,2
2018-01-05,185,90,95,41.09,6
2018-01-06,145,48,97,41.67,6
2018-01-07,165,70,95,39.9,2
2018-01-08,196,72,124,40.3,6
2018-01-09,146,65,81,43.35,2
2018-01-10,143,67,76,42.08,6
2018-01-11,185,77,108,39.01,6
2018-01-12,148,65,83,39.67,3
2018-01-13,137,66,71,41.72,6
2018-01-14,110,51,59,34.84,3
2018-01-15,171,74,97,40.63,3
2018-01-16,105,50,55,39.77,6
2018-01-17,126,63,63,38.61,2
2018-01-18,146,61,85,39.75,6
2018-01-19,144,66,78,39.99,6
2018-01-20,169,83,86,40.49,6
2018-01-21,165,74,91,40.34,6
2018-01-22,170,57,113,38.58,6
2018-01-23,140,58,82,38.4,6
2018-01-24,144,77,67,43.23,2
2018-01-25,144,71,73,41.53,3
2018-01-26,143,61,82,38.9,3
2018-01-27,161,67,94,39.82,3
2018-01-28,153,73,80,40.1,2
2018-01-29,164,69,95,40.84,2
2018-01-30,167,77,90,41.49,6
2018-01-31,143,71,72,39.58,2
2018-02-01,182,93,89,40.98,6
2018-02-02,152,78,74,41.47,3
2018-02-03,139,55,84,41.01,2
2018-02-04,144,56,88,37.86,3
2018-02-05,96,45,51,40.51,3
2018-02-06,117,51,66,39.44,3
2018-02-07,161,80,81,39.53,6
2018-02-08,163,85,78,41.69,2
2018-02-09,183,89,94,40.74,2
2018-02-10,136,65,71,39.68,2
2018-02-11,106,44,62,40.57,2
2018-02-12,137,55,82,40.38,6
2018-02-13,135,56,79,40.33,6
2018-02-14,127,64,63,38.1,2
2018-02-15,140,59,81,39.69,6
2018-02-16,173,82,91,41.15,6
2018-02-17,135,55,80,41.26,2
2018-02-18,147,65,82,39.21,3
2018-02-19,141,51,90,38.4,2
2018-02-20,140,52,88,40.88,6
2018-02-21,112,48,64,43.38,2
2018-02-22,113,46,67,41.42,3
2018-02-23,130,49,81,37.09,3
2018-02-24,137,58,79,39.27,3
2018-02-25,139,51,88,39.62,2
2018-02-26,172,80,92,40.06,6
2018-02-27,139,68,71,40.48,6
2018-02-28,156,75,81,39.38,6
2018-03-01,147,65,82,43.05,2
2018-03-02,152,63,89,40.57,2
2018-03-03,160,66,94,39.9,2
2018-03-04,147,69,78,40.27,3
2018-03-05,179,82,97,41.53,6
2018-03-06,137,53,84,40.84,2
2018-03-07,154,67,87,41.68,2
2018-03-08,174,88,86,39.01,6
2018-03-09,194,88,106,38.8,3
2018-03-10,159,83,76,42.82,6
2018-03-11,146,53,93,38.64,2
2018-03-12,168,93,75,40.23,3
2018-03-13,152,63,89,42.9,2
2018-03-14,139,61,78,39.94,6
2018-03-15,145,74,71,39.26,6
2018-03-16,171,84,87,41.81,2
2018-03-17,147,65,82,41.26,2
2018-03-18,152,75,77,37.45,6
2018-03-19,191,98,93,39.59,6
2018-03-20,139,65,74,40.67,6
2018-03-21,147,70,77,40.17,2
2018-03-22,165,71,94,42.59,2
2018-03-23,169,72,97,40.26,6
2018-03-24,155,59,96,41.78,3
2018-03-25,153,70,83,40.49,2
2018-03-26,176,86,90,42.11,2
2018-03-27,153,75,78,39.29,3
2018-03-28,167,76,91,42.42,2
2018-03-29,139,65,74,41.06,2
2018-03-30,179,74,105,40.54,2
2018-03-31,138,56,82,40.44,2
2018-04-01,143,53,90,40.9,3
2018-04-02,159,78,81,40.5,2
2018-04-03,159,71,88,40.3,3
2018-04-04,142,71,71,39.77,2
2018-04-05,179,72,107,43.91,2
2018-04-06,148,60,88,40.22,6
2018-04-07,162,67,95,38.38,6
2018-04-08,139,60,79,38.5,2
2018-04-09,182,87,95,39.79,2
2018-04-10,163,81,82,39.83,2
2018-04-11,173,92,81,39.57,3
2018-04-12,180,85,95,39.54,2
2018-04-13,164,67,97,38.54,3
2018-04-14,178,78,100,39.2,2
2018-04-15,175,74,101,38.17,2
2018-04-16,197,92,105,39.44,6
2018-04-17,180,93,87,40.67,6
2018-04-18,188,87,101,40.48,6
2018-04-19,154,65,89,41.88,2
2018-04-20,170,84,86,41.28,3
2018-04-21,170,74,96,38.89,2
2018-04-22,159,67,92,39.8,3
2018-04-23,183,85,98,40.46,6
2018-04-24,190,86,104,40.88,3
2018-04-25,162,75,87,40.6,6
2018-04-26,138,81,57,41.2,6
2018-04-27,165,79,86,40.61,6
2018-04-28,154,73,81,39.82,3
2018-04-29,190,90,100,42.38,2
2018-04-30,215,94,121,39.89,6
2018-05-01,161,75,86,41.02,3
2018-05-02,174,72,102,40.64,2
2018-05-03,160,76,84,38.54,3
2018-05-04,192,76,116,39.16,3
2018-05-05,164,71,93,40.27,6
2018-05-06,182,85,97,38.45,6
2018-05-07,185,99,86,41.98,2
2018-05-08,159,92,67,40.64,2
2018-05-09,214,99,115,40.6,2
2018-05-10,163,71,92,40.6,6
2018-05-11,167,63,104,41.01,6
2018-05-12,163,71,92,40.66,2
2018-05-13,133,58,75,40.84,3
2018-05-14,199,99,100,40.49,2
2018-05-15,174,73,101,40.1,3
2018-05-16,162,67,95,39.56,6
2018-05-17,183,90,93,40.63,2
2018-05-18,223,103,120,39.25,2
2018-05-19,161,60,101,38.43,3
2018-05-20,164,64,100,39.43,3
2018-05-21,193,79,114,42.45,2
2018-05-22,155,64,91,39.08,2
2018-05-23,187,88,99,40.05,6
2018-05-24,169,79,90,40.71,2
2018-05-25,162,58,104,39.43,6
2018-05-26,173,80,93,39.46,3
2018-05-27,153,61,92,39.1,6
2018-05-28,185,82,103,41.48,6
2018-05-29,210,103,107,43.15,2
2018-05-30,174,87,87,41.56,6
2018-05-31,182,89,93,41.1,6
2018-06-01,199,97,102,40.8,2
2018-06-02,145,59,86,40.37,2
2018-06-03,198,89,109,39.39,2
2018-06-04,210,103,107,38.61,2
2018-06-05,192,99,93,39.64,3
2018-06-06,193,95,98,41.68,6
2018-06-07,196,101,95,40.93,2
2018-06-08,173,83,90,40.83,6
2018-06-09,174,77,97,38.71,2
2018-06-10,176,79,97,37.65,3
2018-06-11,204,102,102,42.09,2
2018-06-12,155,72,83,42.02,2
2018-06-13,196,81,115,41.91,6
2018-06-14,183,86,97,41.99,2
2018-06-15,201,95,106,40.55,2
2018-06-16,185,88,97,40.28,3
2018-06-17,166,68,98,38.07,2
2018-06-18,200,95,105,38.56,2
2018-06-19,174,74,100,38.55,6
2018-06-20,194,87,107,38.01,6
2018-06-21,187,94,93,41.39,2
2018-06-22,180,81,99,38.29,2
2018-06-23,181,73,108,42.14,2
2018-06-24,154,76,78,38.41,2
2018-06-25,157,66,91,41.95,2
2018-06-26,160,81,79,41.02,6
2018-06-27,161,71,90,38.51,2
2018-06-28,163,72,91,41.58,6
2018-06-29,180,74,106,39.21,2
2018-06-30,166,76,90,38.77,2
2018-07-01,198,84,114,40.79,2
2018-07-02,223,111,112,40.78,2
2018-07-03,184,97,87,39.11,2
2018-07-04,160,78,82,41.92,2
2018-07-05,212,97,115,41.75,2
2018-07-06,224,94,130,41.73,2
2018-07-07,172,67,105,42.95,2
2018-07-08,194,82,112,37.32,3
2018-07-09,227,103,124,41.64,2
2018-07-10,214,92,122,41.64,6
2018-07-11,184,90,94,43.79,2
2018-07-12,194,79,115,43.79,6
2018-07-13,224,96,128,42.08,6
2018-07-14,207,86,121,40.39,2
2018-07-15,204,89,115,40.86,6
2018-07-16,219,94,125,40.99,2
2018-07-17,208,95,113,41.29,2
2018-07-18,206,97,109,39.89,2
2018-07-19,210,95,115,39.7,2
2018-07-20,220,92,128,40.2,2
2018-07-21,189,77,112,40.74,2
2018-07-22,180,90,90,42.11,3
2018-07-23,228,92,136,42.0,6
2018-07-24,196,76,120,42.67,2
2018-07-25,171,84,87,41.09,6
2018-07-26,196,95,101,42.29,6
2018-07-27,205,88,117,42.53,2
2018-07-28,181,79,102,40.98,2
2018-07-29,192,74,118,40.79,2
2018-07-30,193,88,105,41.15,2
2018-07-31,216,106,110,42.23,6
2018-08-01,203,103,100,41.6,6
2018-08-02,220,89,131,41.7,6
2018-08-03,245,116,129,40.51,2
2018-08-04,198,68,130,41.77,2
2018-08-05,228,113,115,39.46,2
2018-08-06,208,95,113,40.47,2
2018-08-07,203,88,115,41.03,2
2018-08-08,181,97,84,44.01,2
2018-08-09,192,78,114,42.78,6
2018-08-10,177,78,99,42.54,6
2018-08-11,199,88,111,39.5,3
2018-08-12,165,63,102,40.3,2
2018-08-13,199,87,112,40.25,2
2018-08-14,201,100,101,40.76,6
2018-08-15,204,97,107,42.9,6
2018-08-16,236,86,150,40.72,2
2018-08-17,216,93,123,40.01,2
2018-08-18,164,66,98,39.66,3
2018-08-19,177,77,100,37.4,2
2018-08-20,192,85,107,39.46,2
2018-08-21,203,95,108,40.22,6
2018-08-22,181,81,100,43.46,6
2018-08-23,185,77,108,41.51,3
2018-08-24,242,120,122,40.45,2
2018-08-25,194,76,118,40.42,6
2018-08-26,177,72,105,37.13,2
2018-08-27,219,100,119,40.18,6
2018-08-28,200,101,99,41.68,2
2018-08-29,204,96,108,43.19,6
2018-08-30,201,95,106,42.42,2
2018-08-31,184,85,99,41.04,2
2018-09-01,231,104,127,38.19,2
2018-09-02,174,66,108,39.29,3
2018-09-03,159,74,85,39.66,2
2018-09-04,184,82,102,39.65,2
2018-09-05,239,103,136,40.52,2
2018-09-06,204,86,118,41.57,6
2018-09-07,218,88,130,43.0,6
2018-09-08,169,80,89,40.38,2
2018-09-09,184,75,109,42.54,3
2018-09-10,208,91,117,39.66,2
2018-09-11,183,93,90,42.24,6
2018-09-12,194,84,110,41.94,2
2018-09-13,194,80,114,41.48,2
2018-09-14,178,86,92,39.75,2
2018-09-15,200,90,110,41.36,2
2018-09-16,218,89,129,41.19,3
2018-09-17,192,85,107,41.64,2
2018-09-18,207,116,91,41.43,2
2018-09-19,173,81,92,40.34,2
2018-09-20,191,74,117,41.25,6
2018-09-21,189,92,97,39.79,2
2018-09-22,170,75,95,38.64,3
2018-09-23,186,90,96,38.46,6
2018-09-24,277,131,146,40.88,2
2018-09-25,182,80,102,43.28,6
2018-09-26,220,84,136,39.64,2
2018-09-27,177,88,89,40.33,2
2018-09-28,206,101,105,40.63,6
2018-09-29,199,91,108,40.98,6
2018-09-30,200,100,100,37.33,3
2018-10-01,234,109,125,40.88,2
2018-10-02,197,91,106,42.04,6
2018-10-03,205,103,102,42.54,2
2018-10-04,174,70,104,41.45,2
2018-10-05,221,90,131,39.02,2
2018-10-06,203,99,104,38.67,3
2018-10-07,218,96,122,39.73,2
2018-10-08,226,113,113,39.64,2
2018-10-09,180,86,94,39.11,3
2018-10-10,221,103,118,39.67,3
2018-10-11,167,87,80,37.53,6
2018-10-12,186,82,104,42.11,6
2018-10-13,160,76,84,38.58,6
2018-10-14,196,84,112,39.08,6
2018-10-15,150,65,85,39.54,6
2018-10-16,181,87,94,40.33,6
2018-10-17,171,74,97,41.47,6
2018-10-18,185,86,99,39.36,2
2018-10-19,199,84,115,40.07,2
2018-10-20,189,89,100,39.08,3
2018-10-21,221,107,114,38.81,2
2018-10-22,229,106,123,39.8,2
2018-10-23,194,86,108,39.7,2
2018-10-24,161,75,86,41.16,2
2018-10-25,153,76,77,38.44,3
2018-10-26,185,75,110,42.54,2
2018-10-27,161,69,92,40.67,6
2018-10-28,173,71,102,38.88,3
2018-10-29,207,99,108,39.64,6
2018-10-30,210,98,112,41.56,2
2018-10-31,176,94,82,41.77,6
2018-11-01,173,84,89,40.84,3
2018-11-02,181,68,113,40.22,2
2018-11-03,141,63,78,40.51,6
2018-11-04,165,66,99,39.95,2
2018-11-05,163,65,98,40.15,6
2018-11-06,203,96,107,40.71,2
2018-11-07,189,85,104,39.59,2
2018-11-08,207,85,122,39.87,6
2018-11-09,165,82,83,41.05,6
2018-11-10,133,68,65,37.25,2
2018-11-11,172,88,84,39.74,6
2018-11-12,207,94,113,40.06,6
2018-11-13,171,81,90,38.82,6
2018-11-14,192,84,108,38.47,3
2018-11-15,181,99,82,41.84,3
2018-11-16,170,81,89,39.93,2
2018-11-17,188,94,94,40.83,2
2018-11-18,180,72,108,39.66,2
2018-11-19,206,95,111,40.79,2
2018-11-20,176,75,101,40.14,6
2018-11-21,182,79,103,40.07,2
2018-11-22,148,47,101,39.74,2
2018-11-23,175,72,103,42.0,3
2018-11-24,208,90,118,41.93,2
2018-11-25,188,83,105,37.7,3
2018-11-26,216,101,115,38.64,2
2018-11-27,169,80,89,39.85,6
2018-11-28,175,80,95,41.61,2
2018-11-29,183,77,106,39.86,2
2018-11-30,187,88,99,39.17,2
2018-12-01,222,102,120,42.47,6
2018-12-02,197,86,111,40.15,2
2018-12-03,207,94,113,40.06,2
2018-12-04,189,84,105,40.04,2
2018-12-05,196,97,99,41.65,2
2018-12-06,186,92,94,40.96,6
2018-12-07,207,97,110,41.34,6
2018-12-08,215,79,136,40.21,6
2018-12-09,220,97,123,39.72,2
2018-12-10,219,93,126,40.09,6
2018-12-11,149,77,72,40.89,2
2018-12-12,172,94,78,42.35,2
2018-12-13,232,105,127,42.15,6
2018-12-14,171,70,101,42.64,6
2018-12-15,158,77,81,38.61,2
2018-12-16,210,91,119,38.2,3
2018-12-17,244,122,122,39.27,2
2018-12-18,162,71,91,38.44,6
2018-12-19,210,90,120,39.42,2
2018-12-20,200,88,112,40.62,2
2018-12-21,187,86,101,39.06,2
2018-12-22,202,85,117,41.03,2
2018-12-23,188,75,113,39.56,3
2018-12-24,161,65,96,39.73,3
2018-12-25,132,56,76,37.8,3
2018-12-26,201,71,130,41.62,2
2018-12-27,216,98,118,40.73,2
2018-12-28,226,111,115,42.1,2
2018-12-29,150,75,75,36.75,3
2018-12-30,192,96,96,38.48,2
2018-12-31,186,92,94,41.18,6
2019-01-01,202,86,116,38.8,2
2019-01-02,196,92,104,38.75,3
2019-01-03,168,65,103,41.99,6
2019-01-04,226,96,130,41.17,6
2019-01-05,178,78,100,41.59,3
2019-01-06,181,83,98,38.93,6
2019-01-07,251,118,133,42.1,2
2019-01-08,153,85,68,42.37,6
2019-01-09,195,86,109,39.71,2
2019-01-10,163,74,89,42.67,2
2019-01-11,202,84,118,42.41,6
2019-01-12,167,67,100,38.05,2
2019-01-13,177,77,100,40.55,3
2019-01-14,173,76,97,42.9,2
2019-01-15,179,82,97,40.21,6
2019-01-16,164,73,91,41.17,2
2019-01-17,180,75,105,41.21,2
2019-01-18,204,80,124,39.21,6
2019-01-19,164,74,90,39.77,3
2019-01-20,168,75,93,37.27,2
2019-01-21,185,78,107,40.83,6
2019-01-22,183,72,111,42.28,6
2019-01-23,167,85,82,40.05,2
2019-01-24,166,76,90,43.09,6
2019-01-25,159,80,79,41.2,2
2019-01-26,162,71,91,38.72,2
2019-01-27,193,87,106,38.25,3
2019-01-28,190,81,109,40.35,2
2019-01-29,187,81,106,39.77,2
2019-01-30,181,91,90,43.36,2
2019-01-31,194,94,100,41.71,3
2019-02-01,198,69,129,42.59,6
2019-02-02,160,72,88,40.58,2
2019-02-03,196,97,99,40.2,2
2019-02-04,193,88,105,41.88,6
2019-02-05,181,78,103,38.1,2
2019-02-06,197,81,116,42.28,2
2019-02-07,162,79,83,41.43,6
2019-02-08,172,82,90,40.28,6
2019-02-09,160,76,84,39.29,6
2019-02-10,139,60,79,41.52,3
2019-02-11,168,69,99,40.8,3
2019-02-12,198,93,105,39.38,3
2019-02-13,167,84,83,37.71,3
2019-02-14,184,91,93,42.9,2
2019-02-15,215,87,128,40.73,2
2019-02-16,150,54,96,41.38,6
2019-02-17,197,91,106,40.53,2
2019-02-18,177,87,90,38.34,6
2019-02-19,158,62,96,41.34,3
2019-02-20,175,76,99,39.11,2
2019-02-21,187,86,101,39.42,2
2019-02-22,150,58,92,40.75,6
2019-02-23,176,70,106,40.18,2
2019-02-24,177,81,96,39.54,2
2019-02-25,186,77,109,43.06,6
2019-02-26,190,81,109,40.33,2
2019-02-27,188,73,115,44.25,6
2019-02-28,172,82,90,42.1,6
2019-03-01,209,91,118,38.51,2
2019-03-02,204,83,121,41.33,6
2019-03-03,184,73,111,40.37,6
2019-03-04,189,70,119,40.46,6
2019-03-05,185,78,107,42.32,6
2019-03-06,176,82,94,41.01,2
2019-03-07,192,82,110,41.86,3
2019-03-08,191,87,104,42.06,6
2019-03-09,192,73,119,42.3,3
2019-03-10,179,81,98,37.92,2
2019-03-11,212,87,125,40.91,6
2019-03-12,189,98,91,40.2,6
2019-03-13,220,98,122,41.27,6
2019-03-14,210,115,95,40.26,2
2019-03-15,214,84,130,42.3,6
2019-03-16,193,79,114,39.22,2
2019-03-17,208,86,122,38.68,2
2019-03-18,209,93,116,40.21,2
2019-03-19,191,76,115,39.39,6
2019-03-20,221,92,129,40.05,3
2019-03-21,228,108,120,40.64,6
2019-03-22,155,72,83,41.39,2
2019-03-23,195,84,111,41.19,6
2019-03-24,200,96,104,39.3,6
2019-03-25,184,86,98,39.44,2
2019-03-26,185,77,108,39.68,2
2019-03-27,204,104,100,40.75,2
2019-03-28,199,83,116,41.05,2
2019-03-29,208,87,121,38.95,3
2019-03-30,167,71,96,38.86,2
2019-03-31,160,67,93,39.81,2
2019-04-01,215,96,119,43.02,6
2019-04-02,164,68,96,41.29,6
2019-04-03,204,100,104,40.56,2
2019-04-04,194,86,108,39.2,2
2019-04-05,205,92,113,40.73,6
2019-04-06,197,89,108,40.7,6
2019-04-07,204,91,113,38.51,2
2019-04-08,217,100,117,39.4,2
2019-04-09,196,90,106,40.46,6
2019-04-10,199,95,104,41.0,6
2019-04-11,178,81,97,41.48,2
2019-04-12,199,78,121,43.32,6
2019-04-13,144,64,80,40.07,2
2019-04-14,178,62,116,40.53,2
2019-04-15,204,88,116,40.05,2
2019-04-16,187,92,95,41.33,2
2019-04-17,190,90,100,39.24,2
2019-04-18,175,79,96,41.35,2
2019-04-19,211,91,120,39.12,6
2019-04-20,167,67,100,39.28,3
2019-04-21,183,85,98,39.02,3
2019-04-22,230,108,122,41.63,2
2019-04-23,175,77,98,41.09,3
2019-04-24,181,75,106,39.49,6
2019-04-25,186,85,101,38.87,3
2019-04-26,213,89,124,41.76,6
2019-04-27,184,90,94,42.19,2
2019-04-28,201,97,104,39.54,2
2019-04-29,247,136,111,40.29,6
2019-04-30,195,86,109,39.73,2
2019-05-01,196,103,93,39.39,2
2019-05-02,181,75,106,40.13,3
2019-05-03,199,86,113,40.08,2
2019-05-04,189,80,109,41.6,6
2019-05-05,189,82,107,39.3,2
2019-05-06,222,105,117,43.84,2
2019-05-07,197,98,99,43.28,2
2019-05-08,181,97,84,42.01,6
2019-05-09,154,78,76,41.51,2
2019-05-10,206,92,114,39.22,6
2019-05-11,175,85,90,41.05,2
2019-05-12,185,75,110,39.49,2
2019-05-13,193,93,100,40.67,2
2019-05-14,153,74,79,39.76,6
2019-05-15,163,82,81,40.88,2
2019-05-16,204,97,107,41.47,2
2019-05-17,229,93,136,39.3,6
2019-05-18,166,82,84,38.84,2
2019-05-19,190,87,103,40.52,2
2019-05-20,224,114,110,40.85,2
2019-05-21,214,90,124,40.17,2
2019-05-22,196,87,109,39.88,6
2019-05-23,197,92,105,41.38,6
2019-05-24,226,100,126,40.01,2
2019-05-25,199,82,117,39.77,2
2019-05-26,190,88,102,38.71,3
2019-05-27,188,83,105,38.7,3
2019-05-28,231,97,134,40.36,2
2019-05-29,191,87,104,39.54,2
2019-05-30,171,89,82,40.06,6
2019-05-31,246,100,146,42.14,6
2019-06-01,194,87,107,40.8,6
2019-06-02,208,89,119,38.62,2
2019-06-03,220,112,108,40.11,2
2019-06-04,202,97,105,41.09,6
2019-06-05,223,104,119,40.83,2
2019-06-06,213,93,120,40.23,6
2019-06-07,216,96,120,39.99,2
2019-06-08,207,94,113,36.41,3
2019-06-09,201,88,113,41.31,2
2019-06-10,211,104,107,39.98,2
2019-06-11,181,81,100,43.02,2
2019-06-12,199,88,111,40.52,6
2019-06-13,212,97,115,38.86,3
2019-06-14,231,93,138,38.87,2
2019-06-15,220,93,127,39.05,3
2019-06-16,158,61,97,40.0,2
2019-06-17,205,97,108,40.67,2
2019-06-18,237,108,129,38.49,2
2019-06-19,212,95,117,38.6,6
2019-06-20,219,86,133,39.7,2
2019-06-21,210,93,117,39.87,2
2019-06-22,213,103,110,38.64,3
2019-06-23,197,82,115,40.69,2
2019-06-24,236,110,126,40.4,2
2019-06-25,214,90,124,38.17,2
2019-06-26,229,106,123,40.6,2
2019-06-27,201,74,127,40.44,2
2019-06-28,240,107,133,38.95,6
2019-06-29,192,84,108,38.52,2
2019-06-30,219,93,126,38.01,3
2019-07-01,242,107,135,42.96,2
2019-07-02,207,104,103,40.75,2
2019-07-03,193,73,120,40.0,2
2019-07-04,185,70,115,41.63,2
2019-07-05,244,122,122,42.07,2
2019-07-06,194,82,112,39.26,3
2019-07-07,171,69,102,40.14,6
2019-07-08,269,129,140,37.65,2
2019-07-09,218,99,119,41.82,3
2019-07-10,200,89,111,39.38,6
2019-07-11,239,93,146,41.83,2
2019-07-12,220,111,109,37.6,6
2019-07-13,193,99,94,40.79,2
2019-07-14,191,81,110,39.16,2
2019-07-15,202,88,114,39.28,6
2019-07-16,207,98,109,41.3,2
2019-07-17,206,97,109,40.88,6
2019-07-18,204,88,116,42.23,2
2019-07-19,223,113,110,39.22,2
2019-07-20,197,82,115,39.9,2
2019-07-21,195,80,115,37.84,6
2019-07-22,215,107,108,38.66,2
2019-07-23,201,95,106,37.87,2
2019-07-24,156,68,88,40.23,6
2019-07-25,191,78,113,41.53,6
2019-07-26,209,103,106,39.44,2
2019-07-27,183,71,112,39.72,3
2019-07-28,187,77,110,40.59,3
2019-07-29,257,112,145,40.83,2
2019-07-30,208,91,117,39.63,2
2019-07-31,203,97,106,38.98,2
2019-08-01,201,91,110,40.61,2
2019-08-02,232,126,106,40.47,2
2019-08-03,191,71,120,39.98,2
2019-08-04,195,80,115,36.79,2
2019-08-05,255,129,126,39.18,2
2019-08-06,231,101,130,40.35,6
2019-08-07,201,89,112,40.32,6
2019-08-08,220,102,118,39.89,2
2019-08-09,197,92,105,41.7,2
2019-08-10,202,85,117,39.02,2
2019-08-11,207,89,118,36.28,2
2019-08-12,253,106,147,42.42,2
2019-08-13,203,90,113,41.32,2
2019-08-14,205,88,117,40.51,2
2019-08-15,200,98,102,40.7,2
2019-08-16,227,101,126,39.63,2
2019-08-17,216,102,114,40.07,2
2019-08-18,215,87,128,40.51,6
2019-08-19,213,95,118,41.96,2
2019-08-20,195,76,119,41.02,2
2019-08-21,213,98,115,38.71,2
2019-08-22,197,86,111,38.68,2
2019-08-23,192,93,99,41.28,3
2019-08-24,217,81,136,39.12,3
2019-08-25,182,71,111,38.7,2
2019-08-26,208,100,108,37.81,6
2019-08-27,207,93,114,40.1,6
2019-08-28,208,104,104,39.3,6
2019-08-29,210,89,121,39.23,3
2019-08-30,181,85,96,41.6,2
2019-08-31,186,66,120,40.98,3
2019-09-01,183,76,107,37.97,2
2019-09-02,212,87,125,39.5,2
2019-09-03,236,128,108,39.53,2
2019-09-04,211,88,123,40.78,3
2019-09-05,224,102,122,38.73,2
2019-09-06,205,71,134,40.05,6
2019-09-07,153,70,83,39.74,6
2019-09-08,181,76,105,37.19,2
2019-09-09,234,102,132,37.96,2
2019-09-10,204,92,112,42.02,2
2019-09-11,190,90,100,41.95,2
2019-09-12,199,85,114,41.3,6
2019-09-13,196,79,117,40.93,2
2019-09-14,203,82,121,37.6,3
2019-09-15,180,70,110,38.18,3
2019-09-16,212,94,118,37.67,3
2019-09-17,182,65,117,38.51,3
2019-09-18,178,81,97,39.84,2
2019-09-19,194,77,117,38.03,2
2019-09-20,187,75,112,38.85,3
2019-09-21,201,86,115,42.02,2
2019-09-22,200,88,112,37.62,2
2019-09-23,221,100,121,40.12,2
2019-09-24,237,99,138,40.08,2
2019-09-25,189,88,101,39.97,3
2019-09-26,225,107,118,39.7,6
2019-09-27,196,85,111,39.94,6
2019-09-28,195,97,98,38.37,2
2019-09-29,208,92,116,39.7,2
2019-09-30,226,91,135,39.6,2
2019-10-01,201,88,113,41.73,2
2019-10-02,223,108,115,39.12,2
2019-10-03,185,83,102,42.85,2
2019-10-04,195,85,110,42.98,3
2019-10-05,185,85,100,39.21,2
2019-10-06,188,64,124,37.88,3
2019-10-07,214,93,121,41.1,2
2019-10-08,208,99,109,39.4,2
2019-10-09,195,91,104,40.46,6
2019-10-10,179,87,92,40.16,6
2019-10-11,182,84,98,41.54,2
2019-10-12,179,84,95,39.55,2
2019-10-13,206,88,118,39.07,2
2019-10-14,196,95,101,38.69,3
2019-10-15,231,119,112,40.77,6
2019-10-16,223,116,107,44.39,6
2019-10-17,242,119,123,38.5,6
2019-10-18,227,110,117,38.39,3
2019-10-19,191,85,106,39.21,2
2019-10-20,194,107,87,38.36,2
2019-10-21,178,75,103,39.03,2
2019-10-22,197,79,118,39.73,6
2019-10-23,164,79,85,40.21,2
2019-10-24,157,64,93,38.8,2
2019-10-25,172,74,98,39.98,3
2019-10-26,172,74,98,41.55,2
2019-10-27,166,67,99,38.18,3
2019-10-28,197,94,103,37.62,6
2019-10-29,181,72,109,39.35,3
2019-10-30,167,75,92,40.3,3
2019-10-31,155,56,99,41.04,2
2019-11-01,188,78,110,39.99,6
2019-11-02,161,59,102,39.91,2
2019-11-03,181,85,96,42.56,3
2019-11-04,209,100,109,39.57,6
2019-11-05,193,88,105,41.46,2
2019-11-06,197,90,107,40.45,2
2019-11-07,178,88,90,42.88,6
2019-11-08,175,88,87,41.02,2
2019-11-09,154,60,94,40.64,3
2019-11-10,188,74,114,38.11,3
2019-11-11,192,99,93,40.06,6
2019-11-12,180,80,100,39.87,3
2019-11-13,172,76,96,36.67,6
2019-11-14,196,83,113,40.28,6
2019-11-15,212,77,135,39.78,2
2019-11-16,154,58,96,40.33,3
2019-11-17,157,68,89,37.11,3
2019-11-18,213,97,116,38.06,3
2019-11-19,176,77,99,40.94,3
2019-11-20,226,93,133,39.88,2
2019-11-21,203,87,116,40.02,3
2019-11-22,205,100,105,39.84,2
2019-11-23,179,83,96,41.92,6
2019-11-24,177,83,94,38.8,3
2019-11-25,202,88,114,39.14,2
2019-11-26,199,81,118,41.78,2
2019-11-27,166,80,86,39.29,2
2019-11-28,124,43,81,38.19,3
2019-11-29,157,73,84,39.33,3
2019-11-30,192,79,113,39.09,2
2019-12-01,164,74,90,39.11,2
2019-12-02,194,96,98,40.74,6
2019-12-03,201,92,109,39.9,2
2019-12-04,186,91,95,39.74,6
2019-12-05,176,78,98,39.91,2
2019-12-06,190,78,112,40.56,2
2019-12-07,158,68,90,39.21,2
2019-12-08,169,70,99,40.69,2
2019-12-09,195,90,105,37.82,3
2019-12-10,183,82,101,38.57,6
2019-12-11,205,90,115,40.56,2
2019-12-12,199,93,106,39.91,6
2019-12-13,204,90,114,41.89,6
2019-12-14,199,87,112,39.09,2
2019-12-15,194,93,101,38.22,3
2019-12-16,250,102,148,40.69,3
2019-12-17,187,89,98,39.84,3
2019-12-18,196,84,112,39.86,2
2019-12-19,176,76,100,40.39,6
2019-12-20,213,88,125,40.04,3
2019-12-21,180,84,96,36.88,3
2019-12-22,159,55,104,42.71,3
2019-12-23,224,106,118,41.07,2
2019-12-24,153,74,79,37.95,6
2019-12-25,168,75,93,40.09,3
2019-12-26,188,85,103,39.88,2
2019-12-27,174,76,98,39.29,2
2019-12-28,203,84,119,39.93,2
2019-12-29,188,82,106,37.23,2
2019-12-30,220,93,127,38.65,6
2019-12-31,222,96,126,40.0,2
2020-01-01,189,78,111,39.24,2
2020-01-02,230,100,130,38.91,2
2020-01-03,178,74,104,42.17,2
2020-01-04,188,76,112,39.94,3
2020-01-05,166,74,92,38.24,3
2020-01-06,230,103,127,40.6,6
2020-01-07,229,102,127,41.65,2
2020-01-08,169,77,92,41.77,2
2020-01-09,187,86,101,40.39,2
2020-01-10,178,70,108,41.52,2
2020-01-11,161,57,104,41.04,2
2020-01-12,160,66,94,40.29,3
2020-01-13,177,91,86,39.71,2
2020-01-14,171,83,88,40.62,2
2020-01-15,186,79,107,40.31,6
2020-01-16,192,90,102,38.16,2
2020-01-17,170,68,102,39.16,3
2020-01-18,148,56,92,39.91,3
2020-01-19,131,59,72,39.17,2
2020-01-20,183,76,107,39.36,2
2020-01-21,204,92,112,41.81,2
2020-01-22,160,76,84,39.86,6
2020-01-23,190,85,105,40.54,6
2020-01-24,180,69,111,41.46,2
2020-01-25,179,82,97,41.28,6
2020-01-26,167,73,94,37.47,2
2020-01-27,207,92,115,38.97,3
2020-01-28,179,75,104,37.69,6
2020-01-29,191,67,124,39.5,3
2020-01-30,182,81,101,38.35,6
2020-01-31,214,99,115,40.21,3
2020-02-01,177,82,95,40.5,2
2020-02-02,186,81,105,39.15,2
2020-02-03,185,91,94,39.17,2
2020-02-04,210,89,121,40.54,6
2020-02-05,183,84,99,39.63,2
2020-02-06,180,80,100,39.66,2
2020-02-07,178,73,105,41.1,6
2020-02-08,189,70,119,38.74,6
2020-02-09,173,62,111,37.88,6
2020-02-10,169,80,89,40.34,2
2020-02-11,167,64,103,40.7,6
2020-02-12,184,85,99,39.93,6
2020-02-13,188,83,105,40.59,6
2020-02-14,195,93,102,41.37,3
2020-02-15,155,67,88,37.59,3
2020-02-16,192,78,114,37.91,2
2020-02-17,186,80,106,38.82,3
2020-02-18,183,85,98,40.32,2
2020-02-19,192,81,111,40.43,2
2020-02-20,172,69,103,42.54,2
2020-02-21,175,69,106,39.0,3
2020-02-22,170,68,102,40.64,2
2020-02-23,165,67,98,39.23,3
2020-02-24,244,102,142,41.48,6
2020-02-25,175,77,98,40.94,6
2020-02-26,181,82,99,40.29,3
2020-02-27,181,87,94,41.34,2
2020-02-28,175,94,81,38.14,3
2020-02-29,176,67,109,37.34,2
2020-03-01,157,58,99,40.94,2
2020-03-02,195,97,98,42.83,2
2020-03-03,175,80,95,40.46,6
2020-03-04,176,91,85,40.41,6
2020-03-05,226,86,140,40.5,2
2020-03-06,197,80,117,40.97,2
2020-03-07,166,63,103,37.95,3
2020-03-08,160,59,101,36.8,3
2020-03-09,175,72,103,40.26,2
2020-03-10,164,75,89,42.16,2
2020-03-11,179,91,88,40.98,2
2020-03-12,176,83,93,41.19,2
2020-03-13,188,85,103,40.74,2
2020-03-14,144,62,82,38.81,6
2020-03-15,179,80,99,38.96,3
2020-03-16,181,73,108,39.16,3
2020-03-17,185,82,103,38.72,2
2020-03-18,175,81,94,39.74,2
2020-03-19,186,77,109,40.3,3
2020-03-20,163,72,91,42.25,3
2020-03-21,150,70,80,39.58,2
2020-03-22,136,68,68,40.2,2
2020-03-23,160,74,86,42.68,2
2020-03-24,140,58,82,42.24,2
2020-03-25,133,63,70,42.61,2
2020-03-26,153,77,76,38.97,2
2020-03-27,176,85,91,40.25,2
2020-03-28,146,57,89,37.82,2
2020-03-29,139,62,77,39.87,2
2020-03-30,159,66,93,38.17,3
2020-03-31,159,69,90,42.75,2
2020-04-01,127,51,76,41.01,2
2020-04-02,182,72,110,41.48,2
2020-04-03,161,73,88,40.24,2
2020-04-04,100,41,59,37.86,2
2020-04-05,149,67,82,38.48,2
2020-04-06,198,98,100,39.55,2
2020-04-07,166,69,97,40.62,6
2020-04-08,151,62,89,42.09,2
2020-04-09,162,68,94,40.68,2
2020-04-10,167,84,83,40.29,2
2020-04-11,144,54,90,40.58,2
2020-04-12,147,64,83,38.5,2
2020-04-13,165,81,84,38.39,3
2020-04-14,168,93,75,38.21,2
2020-04-15,156,68,88,39.26,2
2020-04-16,180,72,108,38.36,2
2020-04-17,176,71,105,40.06,2
2020-04-18,164,70,94,40.7,3
2020-04-19,153,64,89,41.04,3
2020-04-20,165,68,97,39.71,2
2020-04-21,174,72,102,38.57,2
2020-04-22,186,84,102,38.18,3
2020-04-23,194,72,122,39.87,3
2020-04-24,222,97,125,39.38,2
2020-04-25,164,67,97,40.41,3
2020-04-26,163,72,91,39.83,2
2020-04-27,187,86,101,38.78,2
2020-04-28,174,77,97,39.51,2
2020-04-29,179,74,105,41.15,2
2020-04-30,186,85,101,39.62,2
2020-05-01,208,89,119,38.86,2
2020-05-02,169,79,90,41.94,2
2020-05-03,185,79,106,38.21,2
2020-05-04,208,76,132,41.2,2
2020-05-05,194,83,111,42.83,2
2020-05-06,192,85,107,40.74,2
2020-05-07,201,83,118,38.8,2
2020-05-08,208,91,117,38.95,6
2020-05-09,165,74,91,40.41,6
2020-05-10,157,66,91,40.11,2
2020-05-11,187,74,113,38.82,2
2020-05-12,158,66,92,41.56,2
2020-05-13,177,82,95,39.35,2
2020-05-14,206,85,121,39.63,2
2020-05-15,193,74,119,41.25,2
2020-05-16,149,48,101,41.16,2
2020-05-17,157,78,79,39.61,2
2020-05-18,203,99,104,39.59,2
2020-05-19,171,75,96,39.23,2
2020-05-20,164,88,76,39.93,2
2020-05-21,191,87,104,39.97,2
2020-05-22,204,91,113,40.31,2
2020-05-23,177,68,109,42.97,6
2020-05-24,154,67,87,39.53,2
2020-05-25,162,79,83,38.7,2
2020-05-26,169,61,108,39.47,6
2020-05-27,202,94,108,38.23,2
2020-05-28,159,64,95,41.87,2
2020-05-29,194,100,94,38.77,2
2020-05-30,171,72,99,38.33,2
2020-05-31,170,76,94,39.61,2
2020-06-01,191,80,111,39.25,2
2020-06-02,182,81,101,40.35,2
2020-06-03,203,84,119,39.15,2
2020-06-04,193,93,100,38.3,3
2020-06-05,189,78,111,40.0,2
2020-06-06,190,74,116,40.15,2
2020-06-07,178,82,96,38.08,2
2020-06-08,213,91,122,41.62,2
2020-06-09,207,90,117,39.4,2
2020-06-10,180,84,96,39.83,2
2020-06-11,193,94,99,39.06,2
2020-06-12,183,83,100,40.53,2
2020-06-13,159,78,81,39.71,2
2020-06-14,205,96,109,38.73,2
2020-06-15,228,106,122,38.56,2
2020-06-16,221,93,128,41.07,2
2020-06-17,191,79,112,39.07,2
2020-06-18,191,85,106,38.97,2
2020-06-19,186,77,109,39.33,2
2020-06-20,193,83,110,40.07,2
2020-06-21,174,80,94,39.28,2
2020-06-22,212,94,118,39.27,2
2020-06-23,216,94,122,42.12,2
2020-06-24,233,110,123,41.03,2
2020-06-25,198,78,120,40.58,2
2020-06-26,207,98,109,39.72,3
2020-06-27,172,69,103,40.81,2
2020-06-28,168,73,95,38.94,2
2020-06-29,217,92,125,40.99,2
2020-06-30,199,82,117,39.93,2
2020-07-01,236,104,132,41.78,2
2020-07-02,198,85,113,41.39,2
2020-07-03,225,101,124,39.81,2
2020-07-04,208,90,118,39.08,3
2020-07-05,221,93,128,40.05,2
2020-07-06,213,79,134,38.98,2
2020-07-07,232,109,123,39.4,2
2020-07-08,206,94,112,42.32,2
2020-07-09,194,91,103,38.59,2
2020-07-10,220,90,130,39.45,6
2020-07-11,177,83,94,39.99,2
2020-07-12,183,80,103,41.13,2
2020-07-13,204,75,129,39.18,2
2020-07-14,193,88,105,39.99,2
2020-07-15,189,86,103,40.24,2
2020-07-16,198,100,98,38.67,2
2020-07-17,203,90,113,40.0,2
2020-07-18,183,88,95,38.9,6
2020-07-19,173,75,98,38.82,3
2020-07-20,209,94,115,40.67,2
2020-07-21,216,103,113,39.4,2
2020-07-22,207,97,110,41.41,2
2020-07-23,209,91,118,40.41,2
2020-07-24,189,81,108,41.76,2
2020-07-25,195,97,98,38.47,2
2020-07-26,210,79,131,38.1,3
2020-07-27,215,89,126,41.17,6
2020-07-28,223,95,128,38.9,2
2020-07-29,186,85,101,39.26,6
2020-07-30,210,91,119,38.03,2
2020-07-31,192,84,108,39.26,2
2020-08-01,185,82,103,38.36,2
2020-08-02,156,73,83,37.99,2
2020-08-03,225,113,112,40.21,2
2020-08-04,214,104,110,39.27,2
2020-08-05,201,88,113,38.73,3
2020-08-06,176,81,95,38.01,2
2020-08-07,220,92,128,39.02,2
2020-08-08,178,84,94,38.9,2
2020-08-09,186,91,95,38.68,3
2020-08-10,221,95,126,38.88,2
2020-08-11,228,122,106,39.25,2
2020-08-12,222,96,126,40.27,2
2020-08-13,200,91,109,38.94,2
2020-08-14,199,99,100,40.04,3
2020-08-15,181,89,92,38.02,2
2020-08-16,172,64,108,40.68,2
2020-08-17,194,83,111,38.49,2
2020-08-18,209,88,121,38.89,2
2020-08-19,191,101,90,40.53,2
2020-08-20,209,96,113,40.05,2
2020-08-21,221,97,124,39.01,2
2020-08-22,205,106,99,37.36,2
2020-08-23,194,100,94,38.35,3
2020-08-24,223,112,111,40.77,2
2020-08-25,211,82,129,39.88,2
2020-08-26,243,105,138,41.88,2
2020-08-27,211,93,118,40.07,2
2020-08-28,198,92,106,38.71,2
2020-08-29,194,88,106,38.92,6
2020-08-30,183,81,102,38.56,3
2020-08-31,190,95,95,38.56,2
2020-09-01,186,83,103,38.95,2
2020-09-02,193,76,117,39.99,2
2020-09-03,179,93,86,41.28,2
2020-09-04,198,82,116,38.38,2
2020-09-05,150,63,87,40.71,2
2020-09-06,167,74,93,38.04,2
2020-09-07,181,82,99,38.85,2
2020-09-08,239,103,136,39.83,2
2020-09-09,215,101,114,42.16,2
2020-09-10,180,79,101,39.38,2
2020-09-11,205,86,119,38.27,2
2020-09-12,154,65,89,38.62,6
2020-09-13,160,58,102,38.09,2
2020-09-14,249,116,133,38.35,2
2020-09-15,242,107,135,38.48,2
2020-09-16,218,102,116,40.24,2
2020-09-17,214,99,115,39.29,2
2020-09-18,221,109,112,39.86,2
2020-09-19,172,72,100,40.65,2
2020-09-20,173,62,111,40.18,2
2020-09-21,225,117,108,40.16,3
2020-09-22,184,65,119,40.52,6
2020-09-23,190,89,101,38.64,2
2020-09-24,196,85,111,41.99,2
2020-09-25,203,82,121,42.9,6
2020-09-26,140,60,80,39.83,2
2020-09-27,183,87,96,37.15,3
2020-09-28,211,101,110,40.75,2
2020-09-29,224,74,150,39.88,2
2020-09-30,178,72,106,40.33,2
2020-10-01,203,86,117,39.34,2
2020-10-02,207,91,116,40.72,6
2020-10-03,185,79,106,41.69,3
2020-10-04,222,93,129,39.11,3
2020-10-05,234,102,132,41.2,6
2020-10-06,197,91,106,39.62,2
2020-10-07,205,100,105,39.01,2
2020-10-08,208,96,112,39.45,2
2020-10-09,228,95,133,39.8,3
2020-10-10,175,71,104,39.69,2
2020-10-11,171,76,95,37.53,3
2020-10-12,224,90,134,38.85,2
2020-10-13,184,76,108,39.2,2
2020-10-14,217,98,119,39.33,2
2020-10-15,194,93,101,37.95,3
2020-10-16,196,75,121,39.46,2
2020-10-17,185,85,100,35.51,2
2020-10-18,186,75,111,39.27,3
2020-10-19,240,116,124,39.32,3
2020-10-20,205,88,117,39.98,2
2020-10-21,229,97,132,39.59,6
2020-10-22,242,109,133,39.89,2
2020-10-23,195,84,111,39.31,3
2020-10-24,192,82,110,42.05,3
2020-10-25,175,95,80,38.06,2
2020-10-26,189,81,108,39.61,3
2020-10-27,168,71,97,41.68,2
2020-10-28,185,75,110,40.66,6
2020-10-29,223,88,135,41.48,2
2020-10-30,179,68,111,41.08,2
2020-10-31,169,74,95,39.18,2
2020-11-01,202,96,106,36.8,2
2020-11-02,217,92,125,39.12,2
2020-11-03,210,104,106,40.29,2
2020-11-04,180,78,102,38.71,2
2020-11-05,186,72,114,39.56,2
2020-11-06,190,75,115,39.55,2
2020-11-07,185,78,107,39.89,2
2020-11-08,196,85,111,37.47,2
2020-11-09,224,115,109,39.32,2
2020-11-10,206,97,109,38.2,3
2020-11-11,210,91,119,40.39,2
2020-11-12,185,78,107,39.62,2
2020-11-13,181,83,98,40.07,3
2020-11-14,191,80,111,38.78,3
2020-11-15,182,77,105,37.74,3
2020-11-16,221,99,122,38.18,2
2020-11-17,199,92,107,38.61,2
2020-11-18,178,95,83,39.81,2
2020-11-19,182,79,103,38.91,2
2020-11-20,231,89,142,38.06,6
2020-11-21,167,73,94,39.9,6
2020-11-22,194,97,97,37.98,2
2020-11-23,224,91,133,39.86,3
2020-11-24,198,93,105,39.35,2
2020-11-25,185,67,118,39.96,3
2020-11-26,123,48,75,37.64,3
2020-11-27,177,85,92,38.2,2
2020-11-28,179,73,106,37.08,2
2020-11-29,166,74,92,38.69,3
2020-11-30,224,101,123,40.58,2
2020-12-01,191,82,109,38.1,2
2020-12-02,195,87,108,37.88,2
2020-12-03,236,99,137,38.1,3
2020-12-04,211,96,115,39.18,2
2020-12-05,185,76,109,37.79,2
2020-12-06,176,71,105,38.53,2
2020-12-07,222,92,130,41.06,6
2020-12-08,238,101,137,40.17,2
2020-12-09,182,74,108,39.32,6
2020-12-10,191,90,101,40.28,2
2020-12-11,193,89,104,38.83,2
2020-12-12,173,73,100,39.25,2
2020-12-13,172,63,109,40.16,2
2020-12-14,179,90,89,40.35,2
2020-12-15,201,91,110,39.99,2
2020-12-16,203,82,121,40.48,3
2020-12-17,192,75,117,37.72,2
2020-12-18,210,92,118,39.21,2
2020-12-19,166,72,94,38.19,6
2020-12-20,183,66,117,37.04,2
2020-12-21,215,104,111,38.17,2
2020-12-22,212,90,122,39.7,2
2020-12-23,203,83,120,42.73,6
2020-12-24,163,66,97,41.28,2
2020-12-25,132,52,80,40.86,2
2020-12-26,201,96,105,39.93,2
2020-12-27,184,75,109,37.69,2
2020-12-28,198,76,122,40.15,6
2020-12-29,199,87,112,39.64,6
2020-12-30,172,68,104,39.54,3
2020-12-31,174,72,102,39.26,2
2021-01-01,225,89,136,38.19,2
2021-01-02,198,85,113,39.24,2
2021-01-03,177,86,91,37.77,2
2021-01-04,218,104,114,40.81,2
2021-01-05,189,73,116,40.3,2
2021-01-06,193,72,121,41.46,6
2021-01-07,180,84,96,38.41,2
2021-01-08,162,78,84,40.42,6
2021-01-09,142,58,84,40.68,2
2021-01-10,117,47,70,35.83,3
2021-01-11,172,87,85,38.28,2
2021-01-12,175,71,104,37.6,2
2021-01-13,180,82,98,39.02,2
2021-01-14,200,85,115,39.62,2
2021-01-15,197,77,120,39.85,2
2021-01-16,166,68,98,38.6,3
2021-01-17,180,83,97,41.62,2
2021-01-18,213,103,110,41.77,2
2021-01-19,201,96,105,41.03,2
2021-01-20,151,68,83,38.85,2
2021-01-21,178,81,97,39.64,3
2021-01-22,176,71,105,39.05,2
2021-01-23,170,50,120,37.94,2
2021-01-24,162,73,89,35.6,2
2021-01-25,205,79,126,39.13,3
2021-01-26,179,83,96,40.17,2
2021-01-27,167,67,100,41.37,2
2021-01-28,176,70,106,40.13,2
2021-01-29,196,77,119,39.73,2
2021-01-30,193,88,105,39.55,2
2021-01-31,173,72,101,37.91,2
2021-02-01,188,79,109,40.07,2
2021-02-02,159,78,81,40.84,2
2021-02-03,164,75,89,41.12,2
2021-02-04,197,83,114,38.01,2
2021-02-05,198,98,100,40.87,6
2021-02-06,177,74,103,40.55,3
2021-02-07,164,75,89,40.2,2
2021-02-08,185,74,111,37.48,2
2021-02-09,154,76,78,39.16,2
2021-02-10,161,57,104,36.75,2
2021-02-11,154,64,90,38.17,2
2021-02-12,150,66,84,39.3,6
2021-02-13,143,74,69,37.55,2
2021-02-14,77,35,42,41.17,2
2021-02-15,90,35,55,39.92,2
2021-02-16,97,35,62,44.66,2
2021-02-17,84,39,45,45.52,2
2021-02-18,121,40,81,42.24,2
2021-02-19,176,63,113,39.74,2
2021-02-20,154,62,92,36.94,2
2021-02-21,178,69,109,37.51,2
2021-02-22,202,97,105,39.24,2
2021-02-23,193,98,95,42.74,2
2021-02-24,189,80,109,39.02,2
2021-02-25,189,93,96,38.23,2
2021-02-26,187,89,98,40.12,2
2021-02-27,171,57,114,38.82,2
2021-02-28,167,81,86,38.71,2
2021-03-01,224,102,122,38.31,2
2021-03-02,199,96,103,39.37,3
2021-03-03,176,75,101,39.76,3
2021-03-04,199,87,112,40.11,2
2021-03-05,201,85,116,38.48,2
2021-03-06,175,77,98,39.98,2
2021-03-07,192,76,116,37.42,2
2021-03-08,196,86,110,38.63,2
2021-03-09,190,104,86,37.98,2
2021-03-10,159,76,83,42.64,2
2021-03-11,184,89,95,39.49,3
2021-03-12,175,83,92,38.5,2
2021-03-13,199,89,110,39.7,2
2021-03-14,195,102,93,38.24,2
2021-03-15,194,99,95,39.75,2
2021-03-16,156,82,74,38.7,2
2021-03-17,177,78,99,37.01,2
2021-03-18,169,86,83,41.06,2
2021-03-19,173,81,92,40.92,2
2021-03-20,182,78,104,38.02,2
2021-03-21,164,63,101,38.28,2
2021-03-22,178,88,90,38.19,2
2021-03-23,119,50,69,39.02,3
2021-03-24,3,1,2,59.33,2
